[Tue Jul 21 13:43:09 2026] PHP 8.3.32 Development Server (http://localhost:8000) started
[Tue Jul 21 13:43:12 2026] [::1]:52014 Accepted
[Tue Jul 21 13:43:13 2026] [::1]:52014 [200]: GET /admin/
[Tue Jul 21 13:43:13 2026] [::1]:52014 Closing
[Tue Jul 21 13:44:07 2026] [::1]:55485 Accepted
[Tue Jul 21 13:44:23 2026] [::1]:55485 [200]: GET /admin/
[Tue Jul 21 13:44:23 2026] [::1]:55485 Closing
[Tue Jul 21 13:44:23 2026] [::1]:52566 Accepted
[Tue Jul 21 13:44:23 2026] [::1]:52566 [200]: GET /css/reset.css?v=1
[Tue Jul 21 13:44:23 2026] [::1]:59153 Accepted
[Tue Jul 21 13:44:23 2026] [::1]:52325 Accepted
[Tue Jul 21 13:44:23 2026] [::1]:59153 [200]: GET /css/typography.css?v=1
[Tue Jul 21 13:44:23 2026] [::1]:56545 Accepted
[Tue Jul 21 13:44:23 2026] [::1]:52325 [200]: GET /admin/assets/admin.css?v=22
[Tue Jul 21 13:44:23 2026] [::1]:52566 Closing
[Tue Jul 21 13:44:23 2026] [::1]:63006 Accepted
[Tue Jul 21 13:44:23 2026] [::1]:56545 [200]: GET /css/tokens.css?v=1
[Tue Jul 21 13:44:23 2026] [::1]:54143 Accepted
[Tue Jul 21 13:44:23 2026] [::1]:63006 [200]: GET /admin/assets/images-view.js?v=22
[Tue Jul 21 13:44:23 2026] [::1]:59153 Closing
[Tue Jul 21 13:44:23 2026] [::1]:54143 [200]: GET /admin/assets/admin.js?v=22
[Tue Jul 21 13:44:23 2026] [::1]:52325 Closing
[Tue Jul 21 13:44:23 2026] [::1]:56545 Closing
[Tue Jul 21 13:44:23 2026] [::1]:63006 Closing
[Tue Jul 21 13:44:23 2026] [::1]:54143 Closing
[Tue Jul 21 13:44:23 2026] [::1]:63484 Accepted
[Tue Jul 21 13:44:23 2026] [::1]:63484 [200]: GET /admin/api/images_list.php
[Tue Jul 21 13:44:23 2026] [::1]:63484 Closing
[Tue Jul 21 13:44:23 2026] [::1]:49824 Accepted
[Tue Jul 21 13:44:23 2026] [::1]:49824 [404]: GET /favicon.ico - No such file or directory
[Tue Jul 21 13:44:23 2026] [::1]:49824 Closing
[Tue Jul 21 13:44:23 2026] [::1]:57365 Accepted
[Tue Jul 21 13:44:23 2026] [::1]:55437 Accepted
[Tue Jul 21 13:44:23 2026] [::1]:63937 Accepted
[Tue Jul 21 13:44:23 2026] [::1]:57365 [200]: GET /assets/images/thumbs/conjunto.png.thumb.jpg?v=1782268276&r=1782268276
[Tue Jul 21 13:44:23 2026] [::1]:57033 Accepted
[Tue Jul 21 13:44:23 2026] [::1]:55437 [200]: GET /assets/images/thumbs/copa.svg.thumb.svg?v=1782268276&r=1782268276
[Tue Jul 21 13:44:23 2026] [::1]:63937 [200]: GET /assets/images/thumbs/logo.png.thumb.jpg?v=1782268276&r=1782268276
[Tue Jul 21 13:44:23 2026] [::1]:58055 Accepted
[Tue Jul 21 13:44:23 2026] [::1]:57033 [200]: GET /assets/images/thumbs/marmitex.png.thumb.jpg?v=1782268276&r=1782268276
[Tue Jul 21 13:44:23 2026] [::1]:51762 Accepted
[Tue Jul 21 13:44:23 2026] [::1]:58055 [200]: GET /assets/images/thumbs/mini-pasteis.jpg.thumb.jpg?v=1782268276&r=1782268276
[Tue Jul 21 13:44:23 2026] [::1]:57365 Closing
[Tue Jul 21 13:44:23 2026] [::1]:51811 Accepted
[Tue Jul 21 13:44:23 2026] [::1]:51762 [200]: GET /assets/images/thumbs/quarta-almoco.jpg.thumb.jpg?v=1782268276&r=1782268276
[Tue Jul 21 13:44:23 2026] [::1]:63937 Closing
[Tue Jul 21 13:44:23 2026] [::1]:51811 [200]: GET /assets/images/thumbs/sexta-conquista.jpg.thumb.jpg?v=1782268276&r=1782268276
[Tue Jul 21 13:44:23 2026] [::1]:57033 Closing
[Tue Jul 21 13:44:23 2026] [::1]:58055 Closing
[Tue Jul 21 13:44:23 2026] [::1]:51762 Closing
[Tue Jul 21 13:44:23 2026] [::1]:51811 Closing
[Tue Jul 21 13:44:23 2026] [::1]:55437 Closing
[Tue Jul 21 13:44:27 2026] [::1]:55570 Accepted
[Tue Jul 21 13:44:27 2026] [::1]:55570 [200]: GET /admin/?module=contato
[Tue Jul 21 13:44:27 2026] [::1]:55570 Closing
[Tue Jul 21 13:44:27 2026] [::1]:52759 Accepted
[Tue Jul 21 13:44:27 2026] [::1]:55030 Accepted
[Tue Jul 21 13:44:27 2026] [::1]:52759 [200]: GET /css/tokens.css?v=1
[Tue Jul 21 13:44:27 2026] [::1]:49326 Accepted
[Tue Jul 21 13:44:27 2026] [::1]:55030 [200]: GET /css/reset.css?v=1
[Tue Jul 21 13:44:27 2026] [::1]:57303 Accepted
[Tue Jul 21 13:44:27 2026] [::1]:49326 [200]: GET /css/typography.css?v=1
[Tue Jul 21 13:44:27 2026] [::1]:51564 Accepted
[Tue Jul 21 13:44:27 2026] [::1]:57303 [200]: GET /admin/assets/admin.css?v=22
[Tue Jul 21 13:44:27 2026] [::1]:52759 Closing
[Tue Jul 21 13:44:27 2026] [::1]:50270 Accepted
[Tue Jul 21 13:44:27 2026] [::1]:51564 [200]: GET /admin/assets/admin.js?v=22
[Tue Jul 21 13:44:27 2026] [::1]:55030 Closing
[Tue Jul 21 13:44:27 2026] [::1]:50270 [200]: GET /admin/assets/contact-view.js?v=22
[Tue Jul 21 13:44:27 2026] [::1]:49326 Closing
[Tue Jul 21 13:44:27 2026] [::1]:57303 Closing
[Tue Jul 21 13:44:27 2026] [::1]:51564 Closing
[Tue Jul 21 13:44:27 2026] [::1]:50270 Closing
[Tue Jul 21 13:44:27 2026] [::1]:61338 Accepted
[Tue Jul 21 13:44:27 2026] [::1]:61338 [200]: GET /admin/api/contact_get.php
[Tue Jul 21 13:44:27 2026] [::1]:61338 Closing
[Tue Jul 21 13:44:29 2026] [::1]:64357 Accepted
[Tue Jul 21 13:44:29 2026] [::1]:64357 [200]: GET /admin/?module=horarios
[Tue Jul 21 13:44:29 2026] [::1]:64357 Closing
[Tue Jul 21 13:44:29 2026] [::1]:61932 Accepted
[Tue Jul 21 13:44:29 2026] [::1]:55297 Accepted
[Tue Jul 21 13:44:29 2026] [::1]:61932 [200]: GET /css/tokens.css?v=1
[Tue Jul 21 13:44:29 2026] [::1]:54674 Accepted
[Tue Jul 21 13:44:29 2026] [::1]:55297 [200]: GET /css/reset.css?v=1
[Tue Jul 21 13:44:29 2026] [::1]:59539 Accepted
[Tue Jul 21 13:44:29 2026] [::1]:54674 [200]: GET /css/typography.css?v=1
[Tue Jul 21 13:44:29 2026] [::1]:49671 Accepted
[Tue Jul 21 13:44:29 2026] [::1]:59539 [200]: GET /admin/assets/admin.css?v=22
[Tue Jul 21 13:44:29 2026] [::1]:61932 Closing
[Tue Jul 21 13:44:29 2026] [::1]:62383 Accepted
[Tue Jul 21 13:44:29 2026] [::1]:49671 [200]: GET /admin/assets/admin.js?v=22
[Tue Jul 21 13:44:29 2026] [::1]:55297 Closing
[Tue Jul 21 13:44:29 2026] [::1]:62383 [200]: GET /admin/assets/hours-view.js?v=22
[Tue Jul 21 13:44:29 2026] [::1]:54674 Closing
[Tue Jul 21 13:44:29 2026] [::1]:59539 Closing
[Tue Jul 21 13:44:29 2026] [::1]:49671 Closing
[Tue Jul 21 13:44:29 2026] [::1]:62383 Closing
[Tue Jul 21 13:44:29 2026] [::1]:63900 Accepted
[Tue Jul 21 13:44:29 2026] [::1]:63900 [200]: GET /admin/api/hours_get.php
[Tue Jul 21 13:44:29 2026] [::1]:63900 Closing
[Tue Jul 21 13:44:30 2026] [::1]:60202 Accepted
[Tue Jul 21 13:44:30 2026] [::1]:60202 [200]: GET /admin/?module=horarios
[Tue Jul 21 13:44:30 2026] [::1]:60202 Closing
[Tue Jul 21 13:44:30 2026] [::1]:57463 Accepted
[Tue Jul 21 13:44:30 2026] [::1]:57463 [200]: GET /css/tokens.css?v=1
[Tue Jul 21 13:44:30 2026] [::1]:57463 Closing
[Tue Jul 21 13:44:30 2026] [::1]:51619 Accepted
[Tue Jul 21 13:44:30 2026] [::1]:59524 Accepted
[Tue Jul 21 13:44:30 2026] [::1]:64375 Accepted
[Tue Jul 21 13:44:30 2026] [::1]:51619 [200]: GET /css/reset.css?v=1
[Tue Jul 21 13:44:30 2026] [::1]:59524 [200]: GET /css/typography.css?v=1
[Tue Jul 21 13:44:30 2026] [::1]:64375 [200]: GET /admin/assets/admin.css?v=22
[Tue Jul 21 13:44:30 2026] [::1]:59640 Accepted
[Tue Jul 21 13:44:30 2026] [::1]:59640 [200]: GET /admin/assets/admin.js?v=22
[Tue Jul 21 13:44:30 2026] [::1]:51619 Closing
[Tue Jul 21 13:44:30 2026] [::1]:59524 Closing
[Tue Jul 21 13:44:30 2026] [::1]:64375 Closing
[Tue Jul 21 13:44:30 2026] [::1]:59640 Closing
[Tue Jul 21 13:44:30 2026] [::1]:55323 Accepted
[Tue Jul 21 13:44:30 2026] [::1]:55323 [200]: GET /admin/assets/hours-view.js?v=22
[Tue Jul 21 13:44:30 2026] [::1]:55323 Closing
[Tue Jul 21 13:44:30 2026] [::1]:56356 Accepted
[Tue Jul 21 13:44:30 2026] [::1]:56356 [200]: GET /admin/api/hours_get.php
[Tue Jul 21 13:44:30 2026] [::1]:56356 Closing
[Tue Jul 21 13:44:38 2026] [::1]:49865 Accepted
[Tue Jul 21 13:44:38 2026] [::1]:49865 [200]: POST /admin/api/hours_save.php
[Tue Jul 21 13:44:38 2026] [::1]:49865 Closing
[Tue Jul 21 13:44:40 2026] [::1]:57648 Accepted
[Tue Jul 21 13:44:50 2026] [::1]:57648 [200]: POST /admin/api/hours_save.php
[Tue Jul 21 13:44:50 2026] [::1]:57648 Closing
[Tue Jul 21 14:02:03 2026] [::1]:63218 Accepted
[Tue Jul 21 14:02:03 2026] [::1]:63218 [200]: GET /admin/?module=cardapio
[Tue Jul 21 14:02:03 2026] [::1]:63218 Closing
[Tue Jul 21 14:02:03 2026] [::1]:63219 Accepted
[Tue Jul 21 14:02:03 2026] [::1]:63219 [200]: GET /admin/api/cardapio_get.php
[Tue Jul 21 14:02:03 2026] [::1]:63219 Closing
[Tue Jul 21 14:02:03 2026] [::1]:63220 Accepted
[Tue Jul 21 14:02:03 2026] [::1]:63220 [200]: GET /
[Tue Jul 21 14:02:03 2026] [::1]:63220 Closing
[Tue Jul 21 14:02:06 2026] [::1]:63222 Accepted
[Tue Jul 21 14:02:06 2026] [::1]:63222 [200]: GET /admin/api/cardapio_get.php
[Tue Jul 21 14:02:06 2026] [::1]:63222 Closing
[Tue Jul 21 14:03:27 2026] [::1]:63479 Accepted
[Tue Jul 21 14:03:27 2026] [::1]:63479 [200]: POST /admin/api/cardapio_save.php
[Tue Jul 21 14:03:27 2026] [::1]:63479 Closing
[Tue Jul 21 14:05:06 2026] [::1]:50357 Accepted
[Tue Jul 21 14:05:06 2026] [::1]:50357 [200]: GET /admin/api/cardapio_get.php
[Tue Jul 21 14:05:06 2026] [::1]:50357 Closing
[Tue Jul 21 14:05:06 2026] [::1]:50358 Accepted
[Tue Jul 21 14:05:06 2026] [::1]:50358 [200]: POST /admin/api/cardapio_save.php
[Tue Jul 21 14:05:06 2026] [::1]:50358 Closing
[Tue Jul 21 14:05:06 2026] [::1]:50359 Accepted
[Tue Jul 21 14:05:06 2026] [::1]:50359 [200]: GET /admin/api/cardapio_get.php
[Tue Jul 21 14:05:06 2026] [::1]:50359 Closing
[Tue Jul 21 14:06:22 2026] [::1]:50365 Accepted
[Tue Jul 21 14:06:22 2026] [::1]:50365 [200]: GET /admin/api/cardapio_get.php
[Tue Jul 21 14:06:22 2026] [::1]:50365 Closing
[Tue Jul 21 14:06:22 2026] [::1]:50366 Accepted
[Tue Jul 21 14:06:22 2026] [::1]:50366 [200]: POST /admin/api/cardapio_save.php
[Tue Jul 21 14:06:22 2026] [::1]:50366 Closing
[Tue Jul 21 14:06:22 2026] [::1]:50367 Accepted
[Tue Jul 21 14:06:22 2026] [::1]:50367 [400]: POST /admin/api/cardapio_save.php
[Tue Jul 21 14:06:22 2026] [::1]:50367 Closing
[Tue Jul 21 14:06:22 2026] [::1]:50368 Accepted
[Tue Jul 21 14:06:22 2026] [::1]:50368 [400]: POST /admin/api/cardapio_save.php
[Tue Jul 21 14:06:22 2026] [::1]:50368 Closing
[Tue Jul 21 14:06:26 2026] [::1]:50370 Accepted
[Tue Jul 21 14:06:26 2026] [::1]:50370 [200]: GET /admin/?module=cardapio
[Tue Jul 21 14:06:26 2026] [::1]:50370 Closing
[Tue Jul 21 14:06:35 2026] [::1]:50372 Accepted
[Tue Jul 21 14:06:35 2026] [::1]:50372 [200]: GET /
[Tue Jul 21 14:06:35 2026] [::1]:50372 Closing
[Tue Jul 21 14:07:18 2026] [::1]:50388 Accepted
[Tue Jul 21 14:07:18 2026] [::1]:50388 [200]: GET /admin/api/cardapio_get.php
[Tue Jul 21 14:07:18 2026] [::1]:50388 Closing
[Tue Jul 21 14:09:22 2026] [::1]:51122 Accepted
[Tue Jul 21 14:09:22 2026] [::1]:51122 [200]: GET /admin/api/cardapio_get.php
[Tue Jul 21 14:09:22 2026] [::1]:51122 Closing
[Tue Jul 21 14:10:16 2026] [::1]:51126 Accepted
[Tue Jul 21 14:10:16 2026] [::1]:51126 [200]: GET /admin/api/cardapio_get.php
[Tue Jul 21 14:10:16 2026] [::1]:51126 Closing
[Tue Jul 21 14:10:16 2026] [::1]:51129 Accepted
[Tue Jul 21 14:10:16 2026] [::1]:51129 [200]: POST /admin/api/cardapio_save.php
[Tue Jul 21 14:10:16 2026] [::1]:51129 Closing
[Tue Jul 21 14:10:16 2026] [::1]:51130 Accepted
[Tue Jul 21 14:10:16 2026] [::1]:51130 [200]: GET /admin/api/cardapio_get.php
[Tue Jul 21 14:10:16 2026] [::1]:51130 Closing
[Tue Jul 21 14:10:16 2026] [::1]:51132 Accepted
[Tue Jul 21 14:10:16 2026] [::1]:51132 [200]: POST /admin/api/cardapio_save.php
[Tue Jul 21 14:10:16 2026] [::1]:51132 Closing
[Tue Jul 21 14:11:50 2026] [::1]:51167 Accepted
[Tue Jul 21 14:11:50 2026] [::1]:51167 [200]: GET /data/cardapio-sections.json
[Tue Jul 21 14:11:50 2026] [::1]:51167 Closing
[Tue Jul 21 14:12:56 2026] [::1]:51186 Accepted
[Tue Jul 21 14:12:56 2026] [::1]:51186 [200]: GET /js/cardapio-data.js
[Tue Jul 21 14:12:56 2026] [::1]:51186 Closing
[Tue Jul 21 14:13:20 2026] [::1]:51194 Accepted
[Tue Jul 21 14:13:20 2026] [::1]:51194 [200]: GET /js/cardapio-data.js
[Tue Jul 21 14:13:20 2026] [::1]:51194 Closing
[Tue Jul 21 14:13:30 2026] [::1]:59149 Accepted
[Tue Jul 21 14:13:30 2026] [::1]:59149 [200]: GET /js/cardapio-data.js
[Tue Jul 21 14:13:30 2026] [::1]:59149 Closing
[Tue Jul 21 14:13:42 2026] [::1]:59154 Accepted
[Tue Jul 21 14:13:42 2026] [::1]:59154 [200]: GET /js/cardapio-data.js
[Tue Jul 21 14:13:42 2026] [::1]:59154 Closing
[Tue Jul 21 14:14:26 2026] [::1]:58150 Accepted
[Tue Jul 21 14:14:26 2026] [::1]:58150 [200]: GET /js/cardapio-data.js
[Tue Jul 21 14:14:26 2026] [::1]:58150 Closing
[Tue Jul 21 14:19:53 2026] [::1]:50965 Accepted
[Tue Jul 21 14:19:53 2026] [::1]:50965 [200]: GET /
[Tue Jul 21 14:19:53 2026] [::1]:50965 Closing
[Tue Jul 21 14:19:53 2026] [::1]:50966 Accepted
[Tue Jul 21 14:19:53 2026] [::1]:50966 [200]: GET /data/cardapio-sections.json
[Tue Jul 21 14:19:53 2026] [::1]:50966 Closing
[Tue Jul 21 14:19:53 2026] [::1]:50967 Accepted
[Tue Jul 21 14:19:53 2026] [::1]:50967 [200]: GET /data/config.json
[Tue Jul 21 14:19:53 2026] [::1]:50967 Closing
[Tue Jul 21 14:19:53 2026] [::1]:50968 Accepted
[Tue Jul 21 14:19:53 2026] [::1]:50968 [200]: GET /js/cardapio-data.js
[Tue Jul 21 14:19:53 2026] [::1]:50968 Closing
[Tue Jul 21 14:19:55 2026] [::1]:50970 Accepted
[Tue Jul 21 14:19:55 2026] [::1]:50970 [200]: GET /js/cardapio-data.js?v=3
[Tue Jul 21 14:19:55 2026] [::1]:50970 Closing
[Tue Jul 21 14:20:21 2026] [::1]:50973 Accepted
[Tue Jul 21 14:20:21 2026] [::1]:50973 [200]: GET /admin/?module=cardapio
[Tue Jul 21 14:20:21 2026] [::1]:50973 Closing
[Tue Jul 21 14:20:21 2026] [::1]:50974 Accepted
[Tue Jul 21 14:20:21 2026] [::1]:50974 [200]: GET /admin/api/cardapio_get.php
[Tue Jul 21 14:20:21 2026] [::1]:50974 Closing
[Tue Jul 21 14:20:21 2026] [::1]:50975 Accepted
[Tue Jul 21 14:20:21 2026] [::1]:50975 [200]: GET /admin/api/cardapio_get.php
[Tue Jul 21 14:20:21 2026] [::1]:50975 Closing
[Tue Jul 21 14:21:13 2026] [::1]:51016 Accepted
[Tue Jul 21 14:21:13 2026] [::1]:51016 [400]: POST /admin/api/cardapio_save.php
[Tue Jul 21 14:21:13 2026] [::1]:51016 Closing
[Tue Jul 21 14:21:44 2026] [::1]:51026 Accepted
[Tue Jul 21 14:21:44 2026] [::1]:51026 [400]: POST /admin/api/cardapio_save.php
[Tue Jul 21 14:21:44 2026] [::1]:51026 Closing
[Tue Jul 21 14:21:58 2026] [::1]:51039 Accepted
[Tue Jul 21 14:21:58 2026] [::1]:51039 [200]: POST /admin/api/cardapio_save.php
[Tue Jul 21 14:21:58 2026] [::1]:51039 Closing
[Tue Jul 21 14:22:12 2026] [::1]:51042 Accepted
[Tue Jul 21 14:22:12 2026] [::1]:51042 [200]: POST /admin/api/cardapio_save.php
[Tue Jul 21 14:22:12 2026] [::1]:51042 Closing
[Tue Jul 21 14:23:35 2026] [::1]:54503 Accepted
[Tue Jul 21 14:23:35 2026] [::1]:54503 [200]: POST /admin/api/cardapio_save.php
[Tue Jul 21 14:23:35 2026] [::1]:54503 Closing
[Tue Jul 21 14:24:15 2026] [::1]:59268 Accepted
[Tue Jul 21 14:24:15 2026] [::1]:59268 [400]: POST /admin/api/cardapio_save.php
[Tue Jul 21 14:24:15 2026] [::1]:59268 Closing
[Tue Jul 21 14:24:55 2026] [::1]:59274 Accepted
[Tue Jul 21 14:24:55 2026] [::1]:59274 [400]: POST /admin/api/cardapio_save.php
[Tue Jul 21 14:24:55 2026] [::1]:59274 Closing
[Tue Jul 21 14:25:06 2026] [::1]:59277 Accepted
[Tue Jul 21 14:25:06 2026] [::1]:59277 [400]: POST /admin/api/cardapio_save.php
[Tue Jul 21 14:25:06 2026] [::1]:59277 Closing
[Tue Jul 21 14:25:26 2026] [::1]:59281 Accepted
[Tue Jul 21 14:25:26 2026] [::1]:59281 [200]: POST /admin/api/cardapio_save.php
[Tue Jul 21 14:25:26 2026] [::1]:59281 Closing
[Tue Jul 21 14:25:50 2026] [::1]:59284 Accepted
[Tue Jul 21 14:25:50 2026] [::1]:59284 [200]: POST /admin/api/cardapio_save.php
[Tue Jul 21 14:25:50 2026] [::1]:59284 Closing
[Tue Jul 21 14:26:17 2026] [::1]:59290 Accepted
[Tue Jul 21 14:26:17 2026] [::1]:59290 [200]: POST /admin/api/cardapio_save.php
[Tue Jul 21 14:26:17 2026] [::1]:59290 Closing
[Tue Jul 21 14:37:16 2026] [::1]:53380 Accepted
[Tue Jul 21 14:37:16 2026] [::1]:53380 [200]: GET /admin/?module=horarios
[Tue Jul 21 14:37:16 2026] [::1]:53380 Closing
[Tue Jul 21 14:37:16 2026] [::1]:61988 Accepted
[Tue Jul 21 14:37:16 2026] [::1]:61988 [200]: GET /admin/assets/admin.css?v=23
[Tue Jul 21 14:37:16 2026] [::1]:63480 Accepted
[Tue Jul 21 14:37:16 2026] [::1]:61988 Closing
[Tue Jul 21 14:37:16 2026] [::1]:53813 Accepted
[Tue Jul 21 14:37:16 2026] [::1]:64414 Accepted
[Tue Jul 21 14:37:16 2026] [::1]:63480 [200]: GET /css/tokens.css?v=1
[Tue Jul 21 14:37:16 2026] [::1]:53813 [200]: GET /css/reset.css?v=1
[Tue Jul 21 14:37:16 2026] [::1]:64414 [200]: GET /css/typography.css?v=1
[Tue Jul 21 14:37:16 2026] [::1]:62351 Accepted
[Tue Jul 21 14:37:16 2026] [::1]:63480 Closing
[Tue Jul 21 14:37:16 2026] [::1]:60282 Accepted
[Tue Jul 21 14:37:16 2026] [::1]:53813 Closing
[Tue Jul 21 14:37:16 2026] [::1]:64414 Closing
[Tue Jul 21 14:37:16 2026] [::1]:62351 [200]: GET /admin/assets/admin.js?v=23
[Tue Jul 21 14:37:16 2026] [::1]:60282 [200]: GET /admin/assets/hours-view.js?v=23
[Tue Jul 21 14:37:16 2026] [::1]:62351 Closing
[Tue Jul 21 14:37:16 2026] [::1]:60282 Closing
[Tue Jul 21 14:37:16 2026] [::1]:53774 Accepted
[Tue Jul 21 14:37:16 2026] [::1]:53774 [200]: GET /admin/api/hours_get.php
[Tue Jul 21 14:37:16 2026] [::1]:53774 Closing
[Tue Jul 21 14:37:16 2026] [::1]:54412 Accepted
[Tue Jul 21 14:37:16 2026] [::1]:54412 [404]: GET /favicon.ico - No such file or directory
[Tue Jul 21 14:37:16 2026] [::1]:54412 Closing
[Tue Jul 21 14:37:17 2026] [::1]:50459 Accepted
[Tue Jul 21 14:37:17 2026] [::1]:50459 [200]: GET /admin/?module=cardapio
[Tue Jul 21 14:37:17 2026] [::1]:50459 Closing
[Tue Jul 21 14:37:17 2026] [::1]:58786 Accepted
[Tue Jul 21 14:37:17 2026] [::1]:58786 [200]: GET /css/tokens.css?v=1
[Tue Jul 21 14:37:17 2026] [::1]:58786 Closing
[Tue Jul 21 14:37:17 2026] [::1]:50777 Accepted
[Tue Jul 21 14:37:17 2026] [::1]:57036 Accepted
[Tue Jul 21 14:37:17 2026] [::1]:54049 Accepted
[Tue Jul 21 14:37:17 2026] [::1]:50777 [200]: GET /css/reset.css?v=1
[Tue Jul 21 14:37:17 2026] [::1]:57036 [200]: GET /css/typography.css?v=1
[Tue Jul 21 14:37:17 2026] [::1]:54049 [200]: GET /admin/assets/admin.css?v=23
[Tue Jul 21 14:37:17 2026] [::1]:51741 Accepted
[Tue Jul 21 14:37:17 2026] [::1]:50777 Closing
[Tue Jul 21 14:37:17 2026] [::1]:57036 Closing
[Tue Jul 21 14:37:17 2026] [::1]:54049 Closing
[Tue Jul 21 14:37:17 2026] [::1]:51741 [200]: GET /admin/assets/admin.js?v=23
[Tue Jul 21 14:37:17 2026] [::1]:51741 Closing
[Tue Jul 21 14:37:17 2026] [::1]:57087 Accepted
[Tue Jul 21 14:37:17 2026] [::1]:57087 [200]: GET /admin/assets/cardapio-view.js?v=23
[Tue Jul 21 14:37:17 2026] [::1]:57087 Closing
[Tue Jul 21 14:37:17 2026] [::1]:63920 Accepted
[Tue Jul 21 14:37:17 2026] [::1]:63920 [200]: GET /admin/api/cardapio_get.php
[Tue Jul 21 14:37:17 2026] [::1]:63920 Closing
[Wed Jul 22 22:27:20 2026] PHP 8.3.32 Development Server (http://localhost:8000) started
[Wed Jul 22 22:27:26 2026] [::1]:64291 Accepted
[Wed Jul 22 22:27:26 2026] [::1]:64291 Closed without sending a request; it was probably just an unused speculative preconnection
[Wed Jul 22 22:27:26 2026] [::1]:64291 Closing
[Wed Jul 22 22:27:30 2026] [::1]:64293 Accepted
[Wed Jul 22 22:27:30 2026] [::1]:64293 [200]: GET /admin/api/cardapio_get.php
[Wed Jul 22 22:27:30 2026] [::1]:64293 Closing
[Wed Jul 22 22:27:31 2026] [::1]:64294 Accepted
[Wed Jul 22 22:27:31 2026] [::1]:64294 [200]: GET /admin/
[Wed Jul 22 22:27:31 2026] [::1]:64294 Closing
[Wed Jul 22 22:27:31 2026] [::1]:64295 Accepted
[Wed Jul 22 22:27:31 2026] [::1]:64295 [200]: GET /admin/?module=cardapio
[Wed Jul 22 22:27:31 2026] [::1]:64295 Closing
[Wed Jul 22 22:27:52 2026] [::1]:56404 Accepted
[Wed Jul 22 22:27:52 2026] [::1]:56404 [200]: GET /admin/
[Wed Jul 22 22:27:52 2026] [::1]:56404 Closing
[Wed Jul 22 22:27:52 2026] [::1]:55453 Accepted
[Wed Jul 22 22:27:52 2026] [::1]:55453 [200]: GET /css/tokens.css?v=1
[Wed Jul 22 22:27:52 2026] [::1]:55453 Closing
[Wed Jul 22 22:27:52 2026] [::1]:57701 Accepted
[Wed Jul 22 22:27:52 2026] [::1]:51704 Accepted
[Wed Jul 22 22:27:52 2026] [::1]:49708 Accepted
[Wed Jul 22 22:27:52 2026] [::1]:63772 Accepted
[Wed Jul 22 22:27:52 2026] [::1]:58205 Accepted
[Wed Jul 22 22:27:52 2026] [::1]:57701 [200]: GET /css/reset.css?v=1
[Wed Jul 22 22:27:52 2026] [::1]:51704 [200]: GET /css/typography.css?v=1
[Wed Jul 22 22:27:52 2026] [::1]:49708 [200]: GET /admin/assets/admin.css?v=25
[Wed Jul 22 22:27:52 2026] [::1]:63772 [200]: GET /admin/assets/admin.js?v=25
[Wed Jul 22 22:27:52 2026] [::1]:58205 [200]: GET /admin/assets/images-view.js?v=25
[Wed Jul 22 22:27:52 2026] [::1]:57701 Closing
[Wed Jul 22 22:27:52 2026] [::1]:51704 Closing
[Wed Jul 22 22:27:52 2026] [::1]:49708 Closing
[Wed Jul 22 22:27:52 2026] [::1]:63772 Closing
[Wed Jul 22 22:27:52 2026] [::1]:58205 Closing
[Wed Jul 22 22:27:52 2026] [::1]:53382 Accepted
[Wed Jul 22 22:27:52 2026] [::1]:53382 [200]: GET /admin/api/images_list.php
[Wed Jul 22 22:27:52 2026] [::1]:53382 Closing
[Wed Jul 22 22:27:52 2026] [::1]:52092 Accepted
[Wed Jul 22 22:27:52 2026] [::1]:52092 [404]: GET /favicon.ico - No such file or directory
[Wed Jul 22 22:27:52 2026] [::1]:52092 Closing
[Wed Jul 22 22:27:52 2026] [::1]:51470 Accepted
[Wed Jul 22 22:27:52 2026] [::1]:61760 Accepted
[Wed Jul 22 22:27:52 2026] [::1]:52428 Accepted
[Wed Jul 22 22:27:52 2026] [::1]:65153 Accepted
[Wed Jul 22 22:27:52 2026] [::1]:53709 Accepted
[Wed Jul 22 22:27:52 2026] [::1]:50878 Accepted
[Wed Jul 22 22:27:52 2026] [::1]:51470 [200]: GET /assets/images/thumbs/copa.svg.thumb.svg?v=1782268276&r=1782268276
[Wed Jul 22 22:27:52 2026] [::1]:61760 [200]: GET /assets/images/thumbs/conjunto.png.thumb.jpg?v=1782268276&r=1782268276
[Wed Jul 22 22:27:52 2026] [::1]:52428 [200]: GET /assets/images/thumbs/marmitex.png.thumb.jpg?v=1782268276&r=1782268276
[Wed Jul 22 22:27:52 2026] [::1]:65153 [200]: GET /assets/images/thumbs/logo.png.thumb.jpg?v=1782268276&r=1782268276
[Wed Jul 22 22:27:52 2026] [::1]:53709 [200]: GET /assets/images/thumbs/mini-pasteis.jpg.thumb.jpg?v=1782268276&r=1782268276
[Wed Jul 22 22:27:52 2026] [::1]:50878 [200]: GET /assets/images/thumbs/quarta-almoco.jpg.thumb.jpg?v=1782268276&r=1782268276
[Wed Jul 22 22:27:52 2026] [::1]:61760 Closing
[Wed Jul 22 22:27:52 2026] [::1]:52428 Closing
[Wed Jul 22 22:27:52 2026] [::1]:65153 Closing
[Wed Jul 22 22:27:52 2026] [::1]:53709 Closing
[Wed Jul 22 22:27:52 2026] [::1]:50878 Closing
[Wed Jul 22 22:27:52 2026] [::1]:55473 Accepted
[Wed Jul 22 22:27:52 2026] [::1]:55473 [200]: GET /assets/images/thumbs/sexta-conquista.jpg.thumb.jpg?v=1782268276&r=1782268276
[Wed Jul 22 22:27:52 2026] [::1]:55473 Closing
[Wed Jul 22 22:27:52 2026] [::1]:51470 Closing
[Wed Jul 22 22:27:57 2026] [::1]:61338 Accepted
[Wed Jul 22 22:28:07 2026] [::1]:61338 [200]: GET /
[Wed Jul 22 22:28:07 2026] [::1]:61338 Closing
[Wed Jul 22 22:28:07 2026] [::1]:65533 Accepted
[Wed Jul 22 22:28:07 2026] [::1]:56922 Accepted
[Wed Jul 22 22:28:07 2026] [::1]:65533 [200]: GET /assets/fonts/fonts.css
[Wed Jul 22 22:28:07 2026] [::1]:56786 Accepted
[Wed Jul 22 22:28:07 2026] [::1]:56922 [200]: GET /css/reset.css
[Wed Jul 22 22:28:07 2026] [::1]:49930 Accepted
[Wed Jul 22 22:28:07 2026] [::1]:56786 [200]: GET /css/tokens.css
[Wed Jul 22 22:28:07 2026] [::1]:55496 Accepted
[Wed Jul 22 22:28:07 2026] [::1]:49930 [200]: GET /css/typography.css
[Wed Jul 22 22:28:07 2026] [::1]:65533 Closing
[Wed Jul 22 22:28:07 2026] [::1]:64680 Accepted
[Wed Jul 22 22:28:07 2026] [::1]:55496 [200]: GET /css/components.css
[Wed Jul 22 22:28:07 2026] [::1]:56922 Closing
[Wed Jul 22 22:28:07 2026] [::1]:52321 Accepted
[Wed Jul 22 22:28:07 2026] [::1]:64680 [200]: GET /css/layout.css?v=3
[Wed Jul 22 22:28:07 2026] [::1]:56786 Closing
[Wed Jul 22 22:28:07 2026] [::1]:62270 Accepted
[Wed Jul 22 22:28:07 2026] [::1]:49930 Closing
[Wed Jul 22 22:28:07 2026] [::1]:52321 [200]: GET /css/animations.css
[Wed Jul 22 22:28:07 2026] [::1]:55496 Closing
[Wed Jul 22 22:28:07 2026] [::1]:62270 [200]: GET /css/cardapio.css
[Wed Jul 22 22:28:07 2026] [::1]:64680 Closing
[Wed Jul 22 22:28:07 2026] [::1]:52321 Closing
[Wed Jul 22 22:28:07 2026] [::1]:55841 Accepted
[Wed Jul 22 22:28:07 2026] [::1]:62270 Closing
[Wed Jul 22 22:28:07 2026] [::1]:57039 Accepted
[Wed Jul 22 22:28:07 2026] [::1]:55841 [200]: GET /css/responsive.css
[Wed Jul 22 22:28:07 2026] [::1]:55841 Closing
[Wed Jul 22 22:28:07 2026] [::1]:57039 [200]: GET /js/data.js?v=3
[Wed Jul 22 22:28:07 2026] [::1]:57039 Closing
[Wed Jul 22 22:28:07 2026] [::1]:51302 Accepted
[Wed Jul 22 22:28:07 2026] [::1]:51302 [200]: GET /assets/images/conjunto.png
[Wed Jul 22 22:28:07 2026] [::1]:60583 Accepted
[Wed Jul 22 22:28:07 2026] [::1]:63751 Accepted
[Wed Jul 22 22:28:07 2026] [::1]:60583 [200]: GET /js/main.js?v=12
[Wed Jul 22 22:28:07 2026] [::1]:60583 Closing
[Wed Jul 22 22:28:07 2026] [::1]:57301 Accepted
[Wed Jul 22 22:28:07 2026] [::1]:63751 [200]: GET /assets/images/logo.png
[Wed Jul 22 22:28:07 2026] [::1]:65463 Accepted
[Wed Jul 22 22:28:07 2026] [::1]:64434 Accepted
[Wed Jul 22 22:28:07 2026] [::1]:57301 [200]: GET /js/cardapio-data.js?v=3
[Wed Jul 22 22:28:07 2026] [::1]:65463 [200]: GET /js/cardapio-pages.js?v=2
[Wed Jul 22 22:28:07 2026] [::1]:57301 Closing
[Wed Jul 22 22:28:07 2026] [::1]:64434 [200]: GET /js/cardapio-flip.js?v=2
[Wed Jul 22 22:28:07 2026] [::1]:65463 Closing
[Wed Jul 22 22:28:07 2026] [::1]:64434 Closing
[Wed Jul 22 22:28:07 2026] [::1]:65085 Accepted
[Wed Jul 22 22:28:07 2026] [::1]:65085 [200]: GET /js/cardapio.js?v=2
[Wed Jul 22 22:28:07 2026] [::1]:65085 Closing
[Wed Jul 22 22:28:07 2026] [::1]:63751 Closing
[Wed Jul 22 22:28:07 2026] [::1]:51302 Closing
[Wed Jul 22 22:28:07 2026] [::1]:51941 Accepted
[Wed Jul 22 22:28:07 2026] [::1]:59011 Accepted
[Wed Jul 22 22:28:07 2026] [::1]:59492 Accepted
[Wed Jul 22 22:28:07 2026] [::1]:52886 Accepted
[Wed Jul 22 22:28:07 2026] [::1]:51941 [200]: GET /assets/fonts/inter-800.woff2
[Wed Jul 22 22:28:07 2026] [::1]:59721 Accepted
[Wed Jul 22 22:28:07 2026] [::1]:59011 [200]: GET /assets/fonts/playfair-800.woff2
[Wed Jul 22 22:28:07 2026] [::1]:59492 [200]: GET /assets/images/quarta-almoco.jpg
[Wed Jul 22 22:28:07 2026] [::1]:52886 [200]: GET /assets/images/sexta-conquista.jpg
[Wed Jul 22 22:28:07 2026] [::1]:49873 Accepted
[Wed Jul 22 22:28:07 2026] [::1]:59721 [200]: GET /assets/fonts/playfair-regular.woff2
[Wed Jul 22 22:28:07 2026] [::1]:49873 [200]: GET /data/config.json
[Wed Jul 22 22:28:07 2026] [::1]:51941 Closing
[Wed Jul 22 22:28:07 2026] [::1]:59011 Closing
[Wed Jul 22 22:28:07 2026] [::1]:59492 Closing
[Wed Jul 22 22:28:07 2026] [::1]:52886 Closing
[Wed Jul 22 22:28:07 2026] [::1]:59721 Closing
[Wed Jul 22 22:28:07 2026] [::1]:49873 Closing
[Wed Jul 22 22:28:07 2026] [::1]:56185 Accepted
[Wed Jul 22 22:28:07 2026] [::1]:56185 [200]: GET /assets/images/logo.png
[Wed Jul 22 22:28:07 2026] [::1]:56185 Closing
[Wed Jul 22 22:28:07 2026] [::1]:53341 Accepted
[Wed Jul 22 22:28:07 2026] [::1]:53341 [200]: GET /assets/fonts/pacifico.woff2
[Wed Jul 22 22:28:07 2026] [::1]:53341 Closing
[Wed Jul 22 22:28:35 2026] [::1]:59888 Accepted
[Wed Jul 22 22:28:35 2026] [::1]:59888 [200]: GET /assets/images/copa.svg
[Wed Jul 22 22:28:35 2026] [::1]:59888 Closing
[Wed Jul 22 22:28:37 2026] [::1]:63351 Accepted
[Wed Jul 22 22:28:37 2026] [::1]:63351 [200]: GET /assets/images/mini-pasteis.jpg
[Wed Jul 22 22:28:37 2026] [::1]:63351 Closing
[Wed Jul 22 22:28:45 2026] [::1]:53439 Accepted
[Wed Jul 22 22:28:45 2026] [::1]:53439 [200]: GET /assets/images/logo.png
[Wed Jul 22 22:28:45 2026] [::1]:53439 Closing
[Wed Jul 22 22:28:57 2026] [::1]:64164 Accepted
[Wed Jul 22 22:28:57 2026] [::1]:64164 [200]: GET /admin/?module=cardapio
[Wed Jul 22 22:28:57 2026] [::1]:64164 Closing
[Wed Jul 22 22:28:57 2026] [::1]:60974 Accepted
[Wed Jul 22 22:28:57 2026] [::1]:60974 [200]: GET /css/tokens.css?v=1
[Wed Jul 22 22:28:57 2026] [::1]:52956 Accepted
[Wed Jul 22 22:28:57 2026] [::1]:60974 Closing
[Wed Jul 22 22:28:57 2026] [::1]:52176 Accepted
[Wed Jul 22 22:28:57 2026] [::1]:51448 Accepted
[Wed Jul 22 22:28:57 2026] [::1]:52956 [200]: GET /css/reset.css?v=1
[Wed Jul 22 22:28:57 2026] [::1]:52176 [200]: GET /css/typography.css?v=1
[Wed Jul 22 22:28:57 2026] [::1]:51448 [200]: GET /admin/assets/admin.css?v=25
[Wed Jul 22 22:28:57 2026] [::1]:60969 Accepted
[Wed Jul 22 22:28:57 2026] [::1]:52956 Closing
[Wed Jul 22 22:28:57 2026] [::1]:60969 [200]: GET /admin/assets/admin.js?v=25
[Wed Jul 22 22:28:57 2026] [::1]:52176 Closing
[Wed Jul 22 22:28:57 2026] [::1]:51448 Closing
[Wed Jul 22 22:28:57 2026] [::1]:60969 Closing
[Wed Jul 22 22:28:57 2026] [::1]:53341 Accepted
[Wed Jul 22 22:28:57 2026] [::1]:53341 [200]: GET /admin/assets/cardapio-view.js?v=25
[Wed Jul 22 22:28:57 2026] [::1]:53341 Closing
[Wed Jul 22 22:28:58 2026] [::1]:56757 Accepted
[Wed Jul 22 22:28:58 2026] [::1]:56757 [200]: GET /admin/api/cardapio_get.php
[Wed Jul 22 22:28:58 2026] [::1]:56757 Closing
[Wed Jul 22 22:30:51 2026] [::1]:56401 Accepted
[Wed Jul 22 22:30:51 2026] [::1]:56401 [200]: GET /assets/images/mini-pasteis.jpg
[Wed Jul 22 22:30:51 2026] [::1]:56401 Closing
[Wed Jul 22 22:30:51 2026] [::1]:50910 Accepted
[Wed Jul 22 22:30:51 2026] [::1]:50910 [200]: GET /assets/images/marmitex.png
[Wed Jul 22 22:30:51 2026] [::1]:50910 Closing
[Wed Jul 22 22:37:37 2026] [::1]:51898 Accepted
[Wed Jul 22 22:37:37 2026] [::1]:51898 [200]: GET /admin/api/cardapio_get.php
[Wed Jul 22 22:37:37 2026] [::1]:51898 Closing
[Wed Jul 22 22:37:37 2026] [::1]:51899 Accepted
[Wed Jul 22 22:37:37 2026] [::1]:51899 [200]: GET /admin/?module=cardapio
[Wed Jul 22 22:37:37 2026] [::1]:51899 Closing
[Wed Jul 22 22:37:38 2026] [::1]:51900 Accepted
[Wed Jul 22 22:37:38 2026] [::1]:51900 [200]: GET /
[Wed Jul 22 22:37:38 2026] [::1]:51900 Closing
[Wed Jul 22 22:37:58 2026] [::1]:51904 Accepted
[Wed Jul 22 22:37:58 2026] [::1]:51904 [400]: POST /admin/api/cardapio_save.php
[Wed Jul 22 22:37:58 2026] [::1]:51904 Closing
[Wed Jul 22 22:38:04 2026] [::1]:54612 Accepted
[Wed Jul 22 22:38:05 2026] [::1]:54612 [400]: POST /admin/api/cardapio_save.php
[Wed Jul 22 22:38:05 2026] [::1]:54612 Closing
[Wed Jul 22 22:38:17 2026] [::1]:54615 Accepted
[Wed Jul 22 22:38:17 2026] [::1]:54615 [400]: POST /admin/api/cardapio_save.php
[Wed Jul 22 22:38:17 2026] [::1]:54615 Closing
[Wed Jul 22 22:39:07 2026] [::1]:54621 Accepted
[Wed Jul 22 22:39:07 2026] [::1]:54621 [200]: POST /admin/api/cardapio_save.php
[Wed Jul 22 22:39:07 2026] [::1]:54621 Closing
[Wed Jul 22 22:40:00 2026] [::1]:54628 Accepted
[Wed Jul 22 22:40:00 2026] [::1]:54628 [200]: POST /admin/api/cardapio_save.php
[Wed Jul 22 22:40:00 2026] [::1]:54628 Closing
[Wed Jul 22 22:41:06 2026] [::1]:57911 Accepted
[Wed Jul 22 22:41:06 2026] [::1]:57911 [200]: GET /admin/?module=cardapio
[Wed Jul 22 22:41:06 2026] [::1]:57911 Closing
[Wed Jul 22 22:41:06 2026] [::1]:63032 Accepted
[Wed Jul 22 22:41:06 2026] [::1]:63032 [200]: GET /css/tokens.css?v=1
[Wed Jul 22 22:41:06 2026] [::1]:63859 Accepted
[Wed Jul 22 22:41:06 2026] [::1]:63032 Closing
[Wed Jul 22 22:41:06 2026] [::1]:58787 Accepted
[Wed Jul 22 22:41:06 2026] [::1]:56609 Accepted
[Wed Jul 22 22:41:06 2026] [::1]:57841 Accepted
[Wed Jul 22 22:41:06 2026] [::1]:61368 Accepted
[Wed Jul 22 22:41:06 2026] [::1]:63859 [200]: GET /css/reset.css?v=1
[Wed Jul 22 22:41:06 2026] [::1]:58787 [200]: GET /css/typography.css?v=1
[Wed Jul 22 22:41:06 2026] [::1]:56609 [200]: GET /admin/assets/admin.css?v=25
[Wed Jul 22 22:41:06 2026] [::1]:57841 [200]: GET /admin/assets/admin.js?v=25
[Wed Jul 22 22:41:06 2026] [::1]:61368 [200]: GET /admin/assets/cardapio-view.js?v=25
[Wed Jul 22 22:41:06 2026] [::1]:63859 Closing
[Wed Jul 22 22:41:06 2026] [::1]:58787 Closing
[Wed Jul 22 22:41:06 2026] [::1]:56609 Closing
[Wed Jul 22 22:41:06 2026] [::1]:57841 Closing
[Wed Jul 22 22:41:06 2026] [::1]:61368 Closing
[Wed Jul 22 22:41:06 2026] [::1]:55254 Accepted
[Wed Jul 22 22:41:06 2026] [::1]:55254 [200]: GET /admin/api/cardapio_get.php
[Wed Jul 22 22:41:06 2026] [::1]:55254 Closing
[Wed Jul 22 22:41:06 2026] [::1]:56217 Accepted
[Wed Jul 22 22:41:06 2026] [::1]:56217 [404]: GET /favicon.ico - No such file or directory
[Wed Jul 22 22:41:06 2026] [::1]:56217 Closing
[Wed Jul 22 22:53:14 2026] [::1]:50410 Accepted
[Wed Jul 22 22:53:14 2026] [::1]:50410 [200]: GET /admin/api/cardapio_get.php
[Wed Jul 22 22:53:14 2026] [::1]:50410 Closing
[Wed Jul 22 22:53:15 2026] [::1]:50411 Accepted
[Wed Jul 22 22:53:15 2026] [::1]:50411 [200]: GET /admin/?module=cardapio
[Wed Jul 22 22:53:15 2026] [::1]:50411 Closing
[Wed Jul 22 22:53:42 2026] [::1]:64176 Accepted
[Wed Jul 22 22:53:43 2026] [::1]:64176 [200]: POST /admin/api/cardapio_save.php
[Wed Jul 22 22:53:43 2026] [::1]:64176 Closing
[Wed Jul 22 22:55:44 2026] [::1]:55593 Accepted
[Wed Jul 22 22:55:44 2026] [::1]:55593 [200]: POST /admin/api/cardapio_save.php
[Wed Jul 22 22:55:44 2026] [::1]:55593 Closing
[Wed Jul 22 22:58:33 2026] [::1]:51599 Accepted
[Wed Jul 22 22:58:33 2026] [::1]:51599 [200]: POST /admin/api/cardapio_save.php
[Wed Jul 22 22:58:33 2026] [::1]:51599 Closing
[Wed Jul 22 22:59:02 2026] [::1]:55167 Accepted
[Wed Jul 22 22:59:02 2026] [::1]:55167 [200]: GET /
[Wed Jul 22 22:59:02 2026] [::1]:55167 Closing
[Wed Jul 22 22:59:02 2026] [::1]:55168 Accepted
[Wed Jul 22 22:59:02 2026] [::1]:55168 [200]: GET /admin/
[Wed Jul 22 22:59:02 2026] [::1]:55168 Closing
[Wed Jul 22 22:59:02 2026] [::1]:55169 Accepted
[Wed Jul 22 22:59:02 2026] [::1]:55169 [200]: GET /admin/?module=cardapio
[Wed Jul 22 22:59:02 2026] [::1]:55169 Closing
[Wed Jul 22 22:59:02 2026] [::1]:55170 Accepted
[Wed Jul 22 22:59:02 2026] [::1]:55170 [200]: GET /admin/api/cardapio_get.php
[Wed Jul 22 22:59:02 2026] [::1]:55170 Closing
[Wed Jul 22 22:59:30 2026] [::1]:55952 Accepted
[Wed Jul 22 22:59:30 2026] [::1]:55952 [200]: GET /admin/?module=cardapio
[Wed Jul 22 22:59:30 2026] [::1]:55952 Closing
[Wed Jul 22 22:59:30 2026] [::1]:55771 Accepted
[Wed Jul 22 22:59:30 2026] [::1]:55771 [200]: GET /css/tokens.css?v=1
[Wed Jul 22 22:59:30 2026] [::1]:55771 Closing
[Wed Jul 22 22:59:30 2026] [::1]:58247 Accepted
[Wed Jul 22 22:59:30 2026] [::1]:51835 Accepted
[Wed Jul 22 22:59:30 2026] [::1]:51959 Accepted
[Wed Jul 22 22:59:30 2026] [::1]:51269 Accepted
[Wed Jul 22 22:59:30 2026] [::1]:56062 Accepted
[Wed Jul 22 22:59:30 2026] [::1]:58247 [200]: GET /css/reset.css?v=1
[Wed Jul 22 22:59:30 2026] [::1]:51835 [200]: GET /css/typography.css?v=1
[Wed Jul 22 22:59:30 2026] [::1]:51959 [200]: GET /admin/assets/admin.css?v=25
[Wed Jul 22 22:59:30 2026] [::1]:51269 [200]: GET /admin/assets/admin.js?v=25
[Wed Jul 22 22:59:30 2026] [::1]:56062 [200]: GET /admin/assets/cardapio-view.js?v=25
[Wed Jul 22 22:59:30 2026] [::1]:58247 Closing
[Wed Jul 22 22:59:30 2026] [::1]:51835 Closing
[Wed Jul 22 22:59:30 2026] [::1]:51959 Closing
[Wed Jul 22 22:59:30 2026] [::1]:51269 Closing
[Wed Jul 22 22:59:30 2026] [::1]:56062 Closing
[Wed Jul 22 22:59:30 2026] [::1]:59198 Accepted
[Wed Jul 22 22:59:30 2026] [::1]:59198 [200]: GET /admin/api/cardapio_get.php
[Wed Jul 22 22:59:30 2026] [::1]:59198 Closing
[Wed Jul 22 22:59:30 2026] [::1]:63259 Accepted
[Wed Jul 22 22:59:30 2026] [::1]:63259 [404]: GET /favicon.ico - No such file or directory
[Wed Jul 22 22:59:30 2026] [::1]:63259 Closing
[Wed Jul 22 22:59:48 2026] [::1]:53863 Accepted
[Wed Jul 22 22:59:48 2026] [::1]:49956 Accepted
[Wed Jul 22 22:59:48 2026] [::1]:53863 [200]: GET /
[Wed Jul 22 22:59:48 2026] [::1]:53863 Closing
[Wed Jul 22 22:59:48 2026] [::1]:49956 [200]: GET /assets/fonts/fonts.css
[Wed Jul 22 22:59:48 2026] [::1]:49956 Closing
[Wed Jul 22 22:59:48 2026] [::1]:61212 Accepted
[Wed Jul 22 22:59:48 2026] [::1]:59430 Accepted
[Wed Jul 22 22:59:48 2026] [::1]:60368 Accepted
[Wed Jul 22 22:59:48 2026] [::1]:64270 Accepted
[Wed Jul 22 22:59:48 2026] [::1]:56411 Accepted
[Wed Jul 22 22:59:48 2026] [::1]:61212 [200]: GET /css/reset.css
[Wed Jul 22 22:59:48 2026] [::1]:59430 [200]: GET /css/tokens.css
[Wed Jul 22 22:59:48 2026] [::1]:60368 [200]: GET /css/typography.css
[Wed Jul 22 22:59:48 2026] [::1]:64270 [200]: GET /css/components.css
[Wed Jul 22 22:59:48 2026] [::1]:56411 [200]: GET /css/layout.css?v=3
[Wed Jul 22 22:59:48 2026] [::1]:61212 Closing
[Wed Jul 22 22:59:48 2026] [::1]:53561 Accepted
[Wed Jul 22 22:59:48 2026] [::1]:59430 Closing
[Wed Jul 22 22:59:48 2026] [::1]:60368 Closing
[Wed Jul 22 22:59:48 2026] [::1]:53561 [200]: GET /css/animations.css
[Wed Jul 22 22:59:48 2026] [::1]:64270 Closing
[Wed Jul 22 22:59:48 2026] [::1]:56411 Closing
[Wed Jul 22 22:59:48 2026] [::1]:53561 Closing
[Wed Jul 22 22:59:48 2026] [::1]:52766 Accepted
[Wed Jul 22 22:59:48 2026] [::1]:63094 Accepted
[Wed Jul 22 22:59:48 2026] [::1]:53294 Accepted
[Wed Jul 22 22:59:48 2026] [::1]:55244 Accepted
[Wed Jul 22 22:59:48 2026] [::1]:51675 Accepted
[Wed Jul 22 22:59:48 2026] [::1]:52766 [200]: GET /css/cardapio.css
[Wed Jul 22 22:59:48 2026] [::1]:63094 [200]: GET /css/responsive.css
[Wed Jul 22 22:59:48 2026] [::1]:53294 [200]: GET /js/data.js?v=3
[Wed Jul 22 22:59:48 2026] [::1]:55244 [200]: GET /assets/images/conjunto.png
[Wed Jul 22 22:59:48 2026] [::1]:51675 [200]: GET /js/main.js?v=12
[Wed Jul 22 22:59:48 2026] [::1]:63405 Accepted
[Wed Jul 22 22:59:48 2026] [::1]:63405 [200]: GET /assets/images/logo.png
[Wed Jul 22 22:59:48 2026] [::1]:52766 Closing
[Wed Jul 22 22:59:48 2026] [::1]:63094 Closing
[Wed Jul 22 22:59:48 2026] [::1]:53294 Closing
[Wed Jul 22 22:59:48 2026] [::1]:51675 Closing
[Wed Jul 22 22:59:48 2026] [::1]:63076 Accepted
[Wed Jul 22 22:59:48 2026] [::1]:63076 [200]: GET /js/cardapio-data.js?v=3
[Wed Jul 22 22:59:48 2026] [::1]:63076 Closing
[Wed Jul 22 22:59:48 2026] [::1]:52276 Accepted
[Wed Jul 22 22:59:48 2026] [::1]:52561 Accepted
[Wed Jul 22 22:59:48 2026] [::1]:52365 Accepted
[Wed Jul 22 22:59:48 2026] [::1]:52276 [200]: GET /js/cardapio-pages.js?v=2
[Wed Jul 22 22:59:48 2026] [::1]:52561 [200]: GET /js/cardapio-flip.js?v=2
[Wed Jul 22 22:59:48 2026] [::1]:52365 [200]: GET /js/cardapio.js?v=2
[Wed Jul 22 22:59:48 2026] [::1]:52276 Closing
[Wed Jul 22 22:59:48 2026] [::1]:52561 Closing
[Wed Jul 22 22:59:48 2026] [::1]:52365 Closing
[Wed Jul 22 22:59:48 2026] [::1]:63405 Closing
[Wed Jul 22 22:59:48 2026] [::1]:55244 Closing
[Wed Jul 22 22:59:48 2026] [::1]:64192 Accepted
[Wed Jul 22 22:59:48 2026] [::1]:61020 Accepted
[Wed Jul 22 22:59:48 2026] [::1]:64192 [200]: GET /assets/fonts/playfair-800.woff2
[Wed Jul 22 22:59:48 2026] [::1]:61020 [200]: GET /assets/fonts/inter-800.woff2
[Wed Jul 22 22:59:48 2026] [::1]:64192 Closing
[Wed Jul 22 22:59:48 2026] [::1]:61020 Closing
[Wed Jul 22 22:59:48 2026] [::1]:57120 Accepted
[Wed Jul 22 22:59:48 2026] [::1]:57120 [200]: GET /assets/fonts/playfair-regular.woff2
[Wed Jul 22 22:59:48 2026] [::1]:57120 Closing
[Wed Jul 22 22:59:48 2026] [::1]:50060 Accepted
[Wed Jul 22 22:59:48 2026] [::1]:50060 [200]: GET /data/config.json
[Wed Jul 22 22:59:48 2026] [::1]:50060 Closing
[Wed Jul 22 22:59:48 2026] [::1]:52476 Accepted
[Wed Jul 22 22:59:48 2026] [::1]:52476 [200]: GET /assets/fonts/pacifico.woff2
[Wed Jul 22 22:59:48 2026] [::1]:52476 Closing
[Wed Jul 22 22:59:48 2026] [::1]:52342 Accepted
[Wed Jul 22 22:59:48 2026] [::1]:52342 [200]: GET /assets/images/logo.png
[Wed Jul 22 22:59:48 2026] [::1]:52342 Closing
[Wed Jul 22 22:59:49 2026] [::1]:63438 Accepted
[Wed Jul 22 22:59:49 2026] [::1]:63944 Accepted
[Wed Jul 22 22:59:49 2026] [::1]:63438 [200]: GET /assets/images/sexta-conquista.jpg
[Wed Jul 22 22:59:49 2026] [::1]:63944 [200]: GET /assets/images/quarta-almoco.jpg
[Wed Jul 22 22:59:49 2026] [::1]:63438 Closing
[Wed Jul 22 22:59:49 2026] [::1]:63944 Closing
[Wed Jul 22 22:59:49 2026] [::1]:55953 Accepted
[Wed Jul 22 22:59:49 2026] [::1]:55953 [200]: GET /assets/images/mini-pasteis.jpg
[Wed Jul 22 22:59:49 2026] [::1]:55953 Closing
[Wed Jul 22 22:59:52 2026] [::1]:54556 Accepted
[Wed Jul 22 22:59:52 2026] [::1]:54556 [200]: GET /assets/images/marmitex.png
[Wed Jul 22 22:59:52 2026] [::1]:54556 Closing
[Wed Jul 22 23:00:08 2026] [::1]:64890 Accepted
[Wed Jul 22 23:00:08 2026] [::1]:64890 [200]: POST /admin/api/cardapio_save.php
[Wed Jul 22 23:00:08 2026] [::1]:64890 Closing
[Wed Jul 22 23:00:08 2026] [::1]:61280 Accepted
[Wed Jul 22 23:00:08 2026] [::1]:61280 [200]: GET /data/config.json
[Wed Jul 22 23:00:08 2026] [::1]:62745 Accepted
[Wed Jul 22 23:00:08 2026] [::1]:61280 Closing
[Wed Jul 22 23:00:08 2026] [::1]:62745 [200]: GET /data/cardapio-sections.json
[Wed Jul 22 23:00:08 2026] [::1]:62745 Closing
[Wed Jul 22 23:00:08 2026] [::1]:50442 Accepted
[Wed Jul 22 23:00:08 2026] [::1]:54009 Accepted
[Wed Jul 22 23:00:08 2026] [::1]:50442 [200]: GET /data/config.json
[Wed Jul 22 23:00:08 2026] [::1]:54009 [200]: GET /data/cardapio-sections.json
[Wed Jul 22 23:00:08 2026] [::1]:50442 Closing
[Wed Jul 22 23:00:08 2026] [::1]:54009 Closing
[Wed Jul 22 23:00:08 2026] [::1]:52967 Accepted
[Wed Jul 22 23:00:08 2026] [::1]:52967 [200]: GET /assets/images/logo.png
[Wed Jul 22 23:00:08 2026] [::1]:52967 Closing
[Wed Jul 22 23:00:11 2026] [::1]:64285 Accepted
[Wed Jul 22 23:00:11 2026] [::1]:52924 Accepted
[Wed Jul 22 23:00:11 2026] [::1]:64285 [200]: GET /
[Wed Jul 22 23:00:11 2026] [::1]:64285 Closing
[Wed Jul 22 23:00:11 2026] [::1]:52924 [200]: GET /assets/fonts/fonts.css
[Wed Jul 22 23:00:11 2026] [::1]:52924 Closing
[Wed Jul 22 23:00:11 2026] [::1]:51001 Accepted
[Wed Jul 22 23:00:11 2026] [::1]:51001 [200]: GET /css/reset.css
[Wed Jul 22 23:00:11 2026] [::1]:51001 Closing
[Wed Jul 22 23:00:11 2026] [::1]:63871 Accepted
[Wed Jul 22 23:00:11 2026] [::1]:63493 Accepted
[Wed Jul 22 23:00:11 2026] [::1]:58631 Accepted
[Wed Jul 22 23:00:11 2026] [::1]:61650 Accepted
[Wed Jul 22 23:00:11 2026] [::1]:63871 [200]: GET /css/tokens.css
[Wed Jul 22 23:00:11 2026] [::1]:63493 [200]: GET /css/typography.css
[Wed Jul 22 23:00:11 2026] [::1]:58631 [200]: GET /css/components.css
[Wed Jul 22 23:00:11 2026] [::1]:61650 [200]: GET /css/layout.css?v=3
[Wed Jul 22 23:00:11 2026] [::1]:51093 Accepted
[Wed Jul 22 23:00:11 2026] [::1]:63871 Closing
[Wed Jul 22 23:00:11 2026] [::1]:50858 Accepted
[Wed Jul 22 23:00:11 2026] [::1]:63493 Closing
[Wed Jul 22 23:00:11 2026] [::1]:58631 Closing
[Wed Jul 22 23:00:11 2026] [::1]:61650 Closing
[Wed Jul 22 23:00:11 2026] [::1]:51093 [200]: GET /css/animations.css
[Wed Jul 22 23:00:11 2026] [::1]:50858 [200]: GET /css/cardapio.css
[Wed Jul 22 23:00:11 2026] [::1]:51093 Closing
[Wed Jul 22 23:00:11 2026] [::1]:50858 Closing
[Wed Jul 22 23:00:11 2026] [::1]:56131 Accepted
[Wed Jul 22 23:00:11 2026] [::1]:56131 [200]: GET /css/responsive.css
[Wed Jul 22 23:00:11 2026] [::1]:56131 Closing
[Wed Jul 22 23:00:11 2026] [::1]:63646 Accepted
[Wed Jul 22 23:00:11 2026] [::1]:57007 Accepted
[Wed Jul 22 23:00:11 2026] [::1]:57281 Accepted
[Wed Jul 22 23:00:11 2026] [::1]:61374 Accepted
[Wed Jul 22 23:00:11 2026] [::1]:63646 [200]: GET /js/data.js?v=3
[Wed Jul 22 23:00:11 2026] [::1]:63646 Closing
[Wed Jul 22 23:00:11 2026] [::1]:57007 [200]: GET /assets/images/logo.png
[Wed Jul 22 23:00:11 2026] [::1]:57281 [200]: GET /assets/images/conjunto.png
[Wed Jul 22 23:00:11 2026] [::1]:61374 [200]: GET /js/main.js?v=12
[Wed Jul 22 23:00:11 2026] [::1]:61374 Closing
[Wed Jul 22 23:00:11 2026] [::1]:52870 Accepted
[Wed Jul 22 23:00:11 2026] [::1]:56729 Accepted
[Wed Jul 22 23:00:11 2026] [::1]:52870 [200]: GET /js/cardapio-data.js?v=3
[Wed Jul 22 23:00:11 2026] [::1]:56729 [200]: GET /js/cardapio-pages.js?v=2
[Wed Jul 22 23:00:11 2026] [::1]:52870 Closing
[Wed Jul 22 23:00:11 2026] [::1]:56729 Closing
[Wed Jul 22 23:00:11 2026] [::1]:54478 Accepted
[Wed Jul 22 23:00:11 2026] [::1]:54478 [200]: GET /js/cardapio-flip.js?v=2
[Wed Jul 22 23:00:11 2026] [::1]:54478 Closing
[Wed Jul 22 23:00:11 2026] [::1]:63233 Accepted
[Wed Jul 22 23:00:11 2026] [::1]:63233 [200]: GET /js/cardapio.js?v=2
[Wed Jul 22 23:00:11 2026] [::1]:63233 Closing
[Wed Jul 22 23:00:11 2026] [::1]:57007 Closing
[Wed Jul 22 23:00:11 2026] [::1]:57494 Accepted
[Wed Jul 22 23:00:11 2026] [::1]:57005 Accepted
[Wed Jul 22 23:00:11 2026] [::1]:57494 [200]: GET /assets/fonts/playfair-800.woff2
[Wed Jul 22 23:00:11 2026] [::1]:57005 [200]: GET /assets/fonts/inter-800.woff2
[Wed Jul 22 23:00:11 2026] [::1]:57281 Closing
[Wed Jul 22 23:00:11 2026] [::1]:57494 Closing
[Wed Jul 22 23:00:11 2026] [::1]:57005 Closing
[Wed Jul 22 23:00:11 2026] [::1]:53230 Accepted
[Wed Jul 22 23:00:11 2026] [::1]:53230 [200]: GET /assets/fonts/playfair-regular.woff2
[Wed Jul 22 23:00:11 2026] [::1]:53230 Closing
[Wed Jul 22 23:00:11 2026] [::1]:64906 Accepted
[Wed Jul 22 23:00:11 2026] [::1]:64906 [200]: GET /data/config.json
[Wed Jul 22 23:00:11 2026] [::1]:64906 Closing
[Wed Jul 22 23:00:11 2026] [::1]:53163 Accepted
[Wed Jul 22 23:00:11 2026] [::1]:53163 [200]: GET /assets/fonts/pacifico.woff2
[Wed Jul 22 23:00:11 2026] [::1]:53163 Closing
[Wed Jul 22 23:00:11 2026] [::1]:62917 Accepted
[Wed Jul 22 23:00:11 2026] [::1]:62917 [200]: GET /assets/images/logo.png
[Wed Jul 22 23:00:11 2026] [::1]:62917 Closing
[Wed Jul 22 23:00:11 2026] [::1]:63433 Accepted
[Wed Jul 22 23:00:11 2026] [::1]:52786 Accepted
[Wed Jul 22 23:00:11 2026] [::1]:53097 Accepted
[Wed Jul 22 23:00:11 2026] [::1]:63433 [200]: GET /assets/images/quarta-almoco.jpg
[Wed Jul 22 23:00:11 2026] [::1]:52786 [200]: GET /assets/images/sexta-conquista.jpg
[Wed Jul 22 23:00:11 2026] [::1]:53097 [200]: GET /assets/images/mini-pasteis.jpg
[Wed Jul 22 23:00:11 2026] [::1]:63433 Closing
[Wed Jul 22 23:00:11 2026] [::1]:52786 Closing
[Wed Jul 22 23:00:11 2026] [::1]:53097 Closing
[Wed Jul 22 23:00:15 2026] [::1]:63338 Accepted
[Wed Jul 22 23:00:15 2026] [::1]:63338 [200]: GET /assets/images/marmitex.png
[Wed Jul 22 23:00:15 2026] [::1]:63338 Closing
[Wed Jul 22 23:00:22 2026] [::1]:50239 Accepted
[Wed Jul 22 23:00:22 2026] [::1]:50239 [200]: POST /admin/api/cardapio_save.php
[Wed Jul 22 23:00:22 2026] [::1]:50239 Closing
[Wed Jul 22 23:00:22 2026] [::1]:65151 Accepted
[Wed Jul 22 23:00:22 2026] [::1]:65151 [200]: GET /data/config.json
[Wed Jul 22 23:00:22 2026] [::1]:65151 Closing
[Wed Jul 22 23:00:22 2026] [::1]:51660 Accepted
[Wed Jul 22 23:00:22 2026] [::1]:58448 Accepted
[Wed Jul 22 23:00:22 2026] [::1]:56229 Accepted
[Wed Jul 22 23:00:22 2026] [::1]:51660 [200]: GET /data/cardapio-sections.json
[Wed Jul 22 23:00:22 2026] [::1]:58448 [200]: GET /data/config.json
[Wed Jul 22 23:00:22 2026] [::1]:56229 [200]: GET /data/cardapio-sections.json
[Wed Jul 22 23:00:22 2026] [::1]:51660 Closing
[Wed Jul 22 23:00:22 2026] [::1]:58448 Closing
[Wed Jul 22 23:00:22 2026] [::1]:56229 Closing
[Wed Jul 22 23:00:22 2026] [::1]:59328 Accepted
[Wed Jul 22 23:00:22 2026] [::1]:59328 [200]: GET /assets/images/logo.png
[Wed Jul 22 23:00:22 2026] [::1]:59328 Closing
[Wed Jul 22 23:00:32 2026] [::1]:63143 Accepted
[Wed Jul 22 23:00:32 2026] [::1]:50222 Accepted
[Wed Jul 22 23:00:32 2026] [::1]:63143 [200]: GET /
[Wed Jul 22 23:00:32 2026] [::1]:63143 Closing
[Wed Jul 22 23:00:32 2026] [::1]:50222 [200]: GET /assets/fonts/fonts.css
[Wed Jul 22 23:00:32 2026] [::1]:50222 Closing
[Wed Jul 22 23:00:32 2026] [::1]:58560 Accepted
[Wed Jul 22 23:00:32 2026] [::1]:50825 Accepted
[Wed Jul 22 23:00:32 2026] [::1]:50309 Accepted
[Wed Jul 22 23:00:32 2026] [::1]:60143 Accepted
[Wed Jul 22 23:00:32 2026] [::1]:58560 [200]: GET /css/reset.css
[Wed Jul 22 23:00:32 2026] [::1]:50825 [200]: GET /css/tokens.css
[Wed Jul 22 23:00:32 2026] [::1]:50309 [200]: GET /css/typography.css
[Wed Jul 22 23:00:32 2026] [::1]:60143 [200]: GET /css/components.css
[Wed Jul 22 23:00:32 2026] [::1]:58560 Closing
[Wed Jul 22 23:00:32 2026] [::1]:50825 Closing
[Wed Jul 22 23:00:32 2026] [::1]:50309 Closing
[Wed Jul 22 23:00:32 2026] [::1]:60143 Closing
[Wed Jul 22 23:00:32 2026] [::1]:57629 Accepted
[Wed Jul 22 23:00:32 2026] [::1]:50940 Accepted
[Wed Jul 22 23:00:32 2026] [::1]:50657 Accepted
[Wed Jul 22 23:00:32 2026] [::1]:63341 Accepted
[Wed Jul 22 23:00:32 2026] [::1]:57629 [200]: GET /css/layout.css?v=3
[Wed Jul 22 23:00:32 2026] [::1]:50940 [200]: GET /css/animations.css
[Wed Jul 22 23:00:32 2026] [::1]:50657 [200]: GET /css/cardapio.css
[Wed Jul 22 23:00:32 2026] [::1]:63341 [200]: GET /css/responsive.css
[Wed Jul 22 23:00:32 2026] [::1]:57629 Closing
[Wed Jul 22 23:00:32 2026] [::1]:50940 Closing
[Wed Jul 22 23:00:32 2026] [::1]:50657 Closing
[Wed Jul 22 23:00:32 2026] [::1]:63341 Closing
[Wed Jul 22 23:00:32 2026] [::1]:50060 Accepted
[Wed Jul 22 23:00:32 2026] [::1]:50060 [200]: GET /assets/images/conjunto.png
[Wed Jul 22 23:00:32 2026] [::1]:56406 Accepted
[Wed Jul 22 23:00:32 2026] [::1]:64376 Accepted
[Wed Jul 22 23:00:32 2026] [::1]:56406 [200]: GET /js/data.js?v=3
[Wed Jul 22 23:00:32 2026] [::1]:64376 [200]: GET /assets/images/logo.png
[Wed Jul 22 23:00:32 2026] [::1]:56406 Closing
[Wed Jul 22 23:00:32 2026] [::1]:56447 Accepted
[Wed Jul 22 23:00:32 2026] [::1]:61380 Accepted
[Wed Jul 22 23:00:32 2026] [::1]:62377 Accepted
[Wed Jul 22 23:00:32 2026] [::1]:56447 [200]: GET /js/main.js?v=12
[Wed Jul 22 23:00:32 2026] [::1]:61380 [200]: GET /js/cardapio-data.js?v=3
[Wed Jul 22 23:00:32 2026] [::1]:62377 [200]: GET /js/cardapio-pages.js?v=2
[Wed Jul 22 23:00:32 2026] [::1]:63610 Accepted
[Wed Jul 22 23:00:32 2026] [::1]:56447 Closing
[Wed Jul 22 23:00:32 2026] [::1]:61380 Closing
[Wed Jul 22 23:00:32 2026] [::1]:62377 Closing
[Wed Jul 22 23:00:32 2026] [::1]:63610 [200]: GET /js/cardapio-flip.js?v=2
[Wed Jul 22 23:00:32 2026] [::1]:63610 Closing
[Wed Jul 22 23:00:32 2026] [::1]:52171 Accepted
[Wed Jul 22 23:00:32 2026] [::1]:64376 Closing
[Wed Jul 22 23:00:32 2026] [::1]:52171 [200]: GET /js/cardapio.js?v=2
[Wed Jul 22 23:00:32 2026] [::1]:52171 Closing
[Wed Jul 22 23:00:32 2026] [::1]:62783 Accepted
[Wed Jul 22 23:00:32 2026] [::1]:52527 Accepted
[Wed Jul 22 23:00:32 2026] [::1]:62783 [200]: GET /assets/fonts/playfair-800.woff2
[Wed Jul 22 23:00:32 2026] [::1]:52527 [200]: GET /assets/fonts/inter-800.woff2
[Wed Jul 22 23:00:32 2026] [::1]:62783 Closing
[Wed Jul 22 23:00:32 2026] [::1]:52527 Closing
[Wed Jul 22 23:00:32 2026] [::1]:63122 Accepted
[Wed Jul 22 23:00:32 2026] [::1]:63122 [200]: GET /assets/fonts/playfair-regular.woff2
[Wed Jul 22 23:00:32 2026] [::1]:63122 Closing
[Wed Jul 22 23:00:32 2026] [::1]:59620 Accepted
[Wed Jul 22 23:00:32 2026] [::1]:51764 Accepted
[Wed Jul 22 23:00:32 2026] [::1]:59620 [200]: GET /assets/images/quarta-almoco.jpg
[Wed Jul 22 23:00:32 2026] [::1]:51764 [200]: GET /assets/images/sexta-conquista.jpg
[Wed Jul 22 23:00:32 2026] [::1]:50060 Closing
[Wed Jul 22 23:00:32 2026] [::1]:59620 Closing
[Wed Jul 22 23:00:32 2026] [::1]:51764 Closing
[Wed Jul 22 23:00:32 2026] [::1]:56320 Accepted
[Wed Jul 22 23:00:32 2026] [::1]:56320 [200]: GET /data/config.json
[Wed Jul 22 23:00:32 2026] [::1]:56320 Closing
[Wed Jul 22 23:00:32 2026] [::1]:59998 Accepted
[Wed Jul 22 23:00:32 2026] [::1]:59998 [200]: GET /assets/fonts/pacifico.woff2
[Wed Jul 22 23:00:32 2026] [::1]:59998 Closing
[Wed Jul 22 23:00:32 2026] [::1]:62017 Accepted
[Wed Jul 22 23:00:32 2026] [::1]:62017 [200]: GET /assets/images/mini-pasteis.jpg
[Wed Jul 22 23:00:32 2026] [::1]:62017 Closing
[Wed Jul 22 23:00:32 2026] [::1]:59380 Accepted
[Wed Jul 22 23:00:32 2026] [::1]:59380 [200]: GET /assets/images/logo.png
[Wed Jul 22 23:00:32 2026] [::1]:59380 Closing
[Wed Jul 22 23:00:36 2026] [::1]:51225 Accepted
[Wed Jul 22 23:00:36 2026] [::1]:51225 [200]: GET /assets/images/marmitex.png
[Wed Jul 22 23:00:36 2026] [::1]:51225 Closing
[Wed Jul 22 23:01:47 2026] [::1]:51234 Accepted
[Wed Jul 22 23:01:47 2026] [::1]:51234 [200]: GET /admin/?module=cardapio
[Wed Jul 22 23:01:47 2026] [::1]:51234 Closing
[Wed Jul 22 23:01:47 2026] [::1]:51235 Accepted
[Wed Jul 22 23:01:47 2026] [::1]:51235 [200]: GET /admin/api/cardapio_get.php
[Wed Jul 22 23:01:47 2026] [::1]:51235 Closing
[Wed Jul 22 23:02:07 2026] [::1]:51237 Accepted
[Wed Jul 22 23:02:07 2026] [::1]:51237 [200]: POST /admin/api/cardapio_save.php
[Wed Jul 22 23:02:07 2026] [::1]:51237 Closing
[Wed Jul 22 23:02:19 2026] [::1]:51119 Accepted
[Wed Jul 22 23:02:19 2026] [::1]:51119 [200]: GET /admin/?module=cardapio
[Wed Jul 22 23:02:19 2026] [::1]:51119 Closing
[Wed Jul 22 23:02:19 2026] [::1]:62167 Accepted
[Wed Jul 22 23:02:19 2026] [::1]:62167 [200]: GET /css/tokens.css?v=1
[Wed Jul 22 23:02:19 2026] [::1]:62167 Closing
[Wed Jul 22 23:02:19 2026] [::1]:59981 Accepted
[Wed Jul 22 23:02:19 2026] [::1]:53584 Accepted
[Wed Jul 22 23:02:19 2026] [::1]:54903 Accepted
[Wed Jul 22 23:02:19 2026] [::1]:49671 Accepted
[Wed Jul 22 23:02:19 2026] [::1]:49672 Accepted
[Wed Jul 22 23:02:19 2026] [::1]:59981 [200]: GET /css/reset.css?v=1
[Wed Jul 22 23:02:19 2026] [::1]:53584 [200]: GET /css/typography.css?v=1
[Wed Jul 22 23:02:19 2026] [::1]:54903 [200]: GET /admin/assets/admin.css?v=25
[Wed Jul 22 23:02:19 2026] [::1]:49671 [200]: GET /admin/assets/admin.js?v=25
[Wed Jul 22 23:02:19 2026] [::1]:49672 [200]: GET /admin/assets/cardapio-view.js?v=25
[Wed Jul 22 23:02:19 2026] [::1]:59981 Closing
[Wed Jul 22 23:02:19 2026] [::1]:53584 Closing
[Wed Jul 22 23:02:19 2026] [::1]:54903 Closing
[Wed Jul 22 23:02:19 2026] [::1]:49671 Closing
[Wed Jul 22 23:02:19 2026] [::1]:49672 Closing
[Wed Jul 22 23:02:19 2026] [::1]:60075 Accepted
[Wed Jul 22 23:02:19 2026] [::1]:60075 [200]: GET /admin/api/cardapio_get.php
[Wed Jul 22 23:02:19 2026] [::1]:60075 Closing
[Wed Jul 22 23:02:19 2026] [::1]:62845 Accepted
[Wed Jul 22 23:02:19 2026] [::1]:62845 [404]: GET /favicon.ico - No such file or directory
[Wed Jul 22 23:02:19 2026] [::1]:62845 Closing
[Wed Jul 22 23:04:08 2026] [::1]:54197 Accepted
[Wed Jul 22 23:04:08 2026] [::1]:54197 [200]: GET /admin/?module=cardapio
[Wed Jul 22 23:04:08 2026] [::1]:54197 Closing
[Wed Jul 22 23:04:08 2026] [::1]:54198 Accepted
[Wed Jul 22 23:04:08 2026] [::1]:54198 [200]: GET /admin/api/cardapio_get.php
[Wed Jul 22 23:04:08 2026] [::1]:54198 Closing
[Wed Jul 22 23:04:13 2026] [::1]:51066 Accepted
[Wed Jul 22 23:04:13 2026] [::1]:51066 [200]: GET /admin/?module=cardapio
[Wed Jul 22 23:04:13 2026] [::1]:51066 Closing
[Wed Jul 22 23:04:25 2026] [::1]:49303 Accepted
[Wed Jul 22 23:04:25 2026] [::1]:49303 [200]: GET /admin/?module=cardapio
[Wed Jul 22 23:04:25 2026] [::1]:49303 Closing
[Wed Jul 22 23:04:25 2026] [::1]:62846 Accepted
[Wed Jul 22 23:04:25 2026] [::1]:62846 [200]: GET /css/tokens.css?v=1
[Wed Jul 22 23:04:25 2026] [::1]:56578 Accepted
[Wed Jul 22 23:04:25 2026] [::1]:62846 Closing
[Wed Jul 22 23:04:25 2026] [::1]:55199 Accepted
[Wed Jul 22 23:04:25 2026] [::1]:64799 Accepted
[Wed Jul 22 23:04:25 2026] [::1]:49797 Accepted
[Wed Jul 22 23:04:25 2026] [::1]:64952 Accepted
[Wed Jul 22 23:04:25 2026] [::1]:56578 [200]: GET /css/reset.css?v=1
[Wed Jul 22 23:04:25 2026] [::1]:55199 [200]: GET /css/typography.css?v=1
[Wed Jul 22 23:04:25 2026] [::1]:64799 [200]: GET /admin/assets/admin.css?v=25
[Wed Jul 22 23:04:25 2026] [::1]:49797 [200]: GET /admin/assets/admin.js?v=25
[Wed Jul 22 23:04:25 2026] [::1]:64952 [200]: GET /admin/assets/cardapio-view.js?v=25
[Wed Jul 22 23:04:25 2026] [::1]:56578 Closing
[Wed Jul 22 23:04:25 2026] [::1]:55199 Closing
[Wed Jul 22 23:04:25 2026] [::1]:64799 Closing
[Wed Jul 22 23:04:25 2026] [::1]:49797 Closing
[Wed Jul 22 23:04:25 2026] [::1]:64952 Closing
[Wed Jul 22 23:04:25 2026] [::1]:50294 Accepted
[Wed Jul 22 23:04:25 2026] [::1]:50294 [200]: GET /admin/api/cardapio_get.php
[Wed Jul 22 23:04:25 2026] [::1]:50294 Closing
[Wed Jul 22 23:04:25 2026] [::1]:57898 Accepted
[Wed Jul 22 23:04:25 2026] [::1]:57898 [404]: GET /favicon.ico - No such file or directory
[Wed Jul 22 23:04:25 2026] [::1]:57898 Closing
[Wed Jul 22 23:12:29 2026] [::1]:63682 Accepted
[Wed Jul 22 23:12:29 2026] [::1]:63682 [200]: GET /admin/api/cardapio_get.php
[Wed Jul 22 23:12:29 2026] [::1]:63682 Closing
[Wed Jul 22 23:13:01 2026] [::1]:63684 Accepted
[Wed Jul 22 23:13:01 2026] [::1]:63684 [200]: GET /admin/api/cardapio_get.php
[Wed Jul 22 23:13:01 2026] [::1]:63684 Closing
[Wed Jul 22 23:13:13 2026] [::1]:63686 Accepted
[Wed Jul 22 23:13:13 2026] [::1]:63686 [200]: GET /admin/api/cardapio_get.php
[Wed Jul 22 23:13:13 2026] [::1]:63686 Closing
[Wed Jul 22 23:13:13 2026] [::1]:63687 Accepted
[Wed Jul 22 23:13:13 2026] [::1]:63687 [200]: POST /admin/api/cardapio_save.php
[Wed Jul 22 23:13:13 2026] [::1]:63687 Closing
[Wed Jul 22 23:14:11 2026] [::1]:63702 Accepted
[Wed Jul 22 23:14:11 2026] [::1]:63702 [200]: GET /admin/api/cardapio_get.php
[Wed Jul 22 23:14:11 2026] [::1]:63702 Closing
[Wed Jul 22 23:14:12 2026] [::1]:63703 Accepted
[Wed Jul 22 23:14:12 2026] [::1]:63703 [200]: POST /admin/api/cardapio_save.php
[Wed Jul 22 23:14:12 2026] [::1]:63703 Closing
[Wed Jul 22 23:14:23 2026] [::1]:63734 Accepted
[Wed Jul 22 23:14:23 2026] [::1]:63734 [200]: GET /admin/api/cardapio_get.php
[Wed Jul 22 23:14:23 2026] [::1]:63734 Closing
[Wed Jul 22 23:14:31 2026] [::1]:63737 Accepted
[Wed Jul 22 23:14:31 2026] [::1]:63737 [200]: GET /admin/?module=cardapio
[Wed Jul 22 23:14:31 2026] [::1]:63737 Closing
[Wed Jul 22 23:14:31 2026] [::1]:63738 Accepted
[Wed Jul 22 23:14:31 2026] [::1]:63738 [200]: GET /admin/?module=cardapio
[Wed Jul 22 23:14:31 2026] [::1]:63738 Closing
[Wed Jul 22 23:14:56 2026] [::1]:64170 Accepted
[Wed Jul 22 23:14:56 2026] [::1]:64170 [200]: GET /admin/?module=cardapio
[Wed Jul 22 23:14:56 2026] [::1]:64170 Closing
[Wed Jul 22 23:14:56 2026] [::1]:49985 Accepted
[Wed Jul 22 23:14:56 2026] [::1]:49985 [200]: GET /css/tokens.css?v=1
[Wed Jul 22 23:14:56 2026] [::1]:49985 Closing
[Wed Jul 22 23:14:56 2026] [::1]:61127 Accepted
[Wed Jul 22 23:14:56 2026] [::1]:49239 Accepted
[Wed Jul 22 23:14:56 2026] [::1]:62263 Accepted
[Wed Jul 22 23:14:56 2026] [::1]:64092 Accepted
[Wed Jul 22 23:14:56 2026] [::1]:50226 Accepted
[Wed Jul 22 23:14:56 2026] [::1]:61127 [200]: GET /css/reset.css?v=1
[Wed Jul 22 23:14:56 2026] [::1]:49239 [200]: GET /css/typography.css?v=1
[Wed Jul 22 23:14:56 2026] [::1]:62263 [200]: GET /admin/assets/admin.css?v=25
[Wed Jul 22 23:14:56 2026] [::1]:64092 [200]: GET /admin/assets/admin.js?v=25
[Wed Jul 22 23:14:56 2026] [::1]:50226 [200]: GET /admin/assets/cardapio-view.js?v=25
[Wed Jul 22 23:14:56 2026] [::1]:61127 Closing
[Wed Jul 22 23:14:56 2026] [::1]:49239 Closing
[Wed Jul 22 23:14:56 2026] [::1]:62263 Closing
[Wed Jul 22 23:14:56 2026] [::1]:64092 Closing
[Wed Jul 22 23:14:56 2026] [::1]:50226 Closing
[Wed Jul 22 23:14:56 2026] [::1]:57929 Accepted
[Wed Jul 22 23:14:56 2026] [::1]:57929 [200]: GET /admin/api/cardapio_get.php
[Wed Jul 22 23:14:56 2026] [::1]:57929 Closing
[Wed Jul 22 23:14:56 2026] [::1]:59421 Accepted
[Wed Jul 22 23:14:56 2026] [::1]:59421 [404]: GET /favicon.ico - No such file or directory
[Wed Jul 22 23:14:56 2026] [::1]:59421 Closing
[Wed Jul 22 23:16:19 2026] [::1]:54493 Accepted
[Wed Jul 22 23:16:19 2026] [::1]:54493 [200]: GET /assets/images/copa.svg
[Wed Jul 22 23:16:19 2026] [::1]:54493 Closing
[Wed Jul 22 23:17:23 2026] [::1]:56618 Accepted
[Wed Jul 22 23:17:23 2026] [::1]:56618 [200]: POST /admin/api/cardapio_save.php
[Wed Jul 22 23:17:23 2026] [::1]:56618 Closing
[Wed Jul 22 23:17:23 2026] [::1]:63124 Accepted
[Wed Jul 22 23:17:23 2026] [::1]:52193 Accepted
[Wed Jul 22 23:17:23 2026] [::1]:55616 Accepted
[Wed Jul 22 23:17:23 2026] [::1]:60994 Accepted
[Wed Jul 22 23:17:23 2026] [::1]:63124 [200]: GET /data/config.json
[Wed Jul 22 23:17:23 2026] [::1]:52193 [200]: GET /data/cardapio-sections.json
[Wed Jul 22 23:17:23 2026] [::1]:55616 [200]: GET /data/config.json
[Wed Jul 22 23:17:23 2026] [::1]:60994 [200]: GET /data/cardapio-sections.json
[Wed Jul 22 23:17:23 2026] [::1]:63124 Closing
[Wed Jul 22 23:17:23 2026] [::1]:52193 Closing
[Wed Jul 22 23:17:23 2026] [::1]:55616 Closing
[Wed Jul 22 23:17:23 2026] [::1]:60994 Closing
[Wed Jul 22 23:17:23 2026] [::1]:63360 Accepted
[Wed Jul 22 23:17:23 2026] [::1]:63360 [200]: GET /assets/images/logo.png
[Wed Jul 22 23:17:23 2026] [::1]:63360 Closing
[Wed Jul 22 23:17:25 2026] [::1]:58534 Accepted
[Wed Jul 22 23:17:25 2026] [::1]:55546 Accepted
[Wed Jul 22 23:17:25 2026] [::1]:58534 [200]: GET /
[Wed Jul 22 23:17:25 2026] [::1]:58534 Closing
[Wed Jul 22 23:17:25 2026] [::1]:55546 [200]: GET /assets/fonts/fonts.css
[Wed Jul 22 23:17:25 2026] [::1]:55546 Closing
[Wed Jul 22 23:17:25 2026] [::1]:56055 Accepted
[Wed Jul 22 23:17:25 2026] [::1]:55698 Accepted
[Wed Jul 22 23:17:25 2026] [::1]:54459 Accepted
[Wed Jul 22 23:17:25 2026] [::1]:52137 Accepted
[Wed Jul 22 23:17:25 2026] [::1]:62242 Accepted
[Wed Jul 22 23:17:25 2026] [::1]:56055 [200]: GET /css/reset.css
[Wed Jul 22 23:17:25 2026] [::1]:56055 Closing
[Wed Jul 22 23:17:25 2026] [::1]:55698 [200]: GET /css/tokens.css
[Wed Jul 22 23:17:25 2026] [::1]:54459 [200]: GET /css/typography.css
[Wed Jul 22 23:17:25 2026] [::1]:52137 [200]: GET /css/components.css
[Wed Jul 22 23:17:25 2026] [::1]:62242 [200]: GET /css/layout.css?v=3
[Wed Jul 22 23:17:25 2026] [::1]:56541 Accepted
[Wed Jul 22 23:17:25 2026] [::1]:55698 Closing
[Wed Jul 22 23:17:25 2026] [::1]:56541 [200]: GET /css/animations.css
[Wed Jul 22 23:17:25 2026] [::1]:54459 Closing
[Wed Jul 22 23:17:25 2026] [::1]:52137 Closing
[Wed Jul 22 23:17:25 2026] [::1]:62242 Closing
[Wed Jul 22 23:17:25 2026] [::1]:49910 Accepted
[Wed Jul 22 23:17:25 2026] [::1]:49910 [200]: GET /css/cardapio.css
[Wed Jul 22 23:17:25 2026] [::1]:56541 Closing
[Wed Jul 22 23:17:25 2026] [::1]:49910 Closing
[Wed Jul 22 23:17:25 2026] [::1]:50474 Accepted
[Wed Jul 22 23:17:25 2026] [::1]:50474 [200]: GET /css/responsive.css
[Wed Jul 22 23:17:25 2026] [::1]:50474 Closing
[Wed Jul 22 23:17:25 2026] [::1]:59654 Accepted
[Wed Jul 22 23:17:25 2026] [::1]:63300 Accepted
[Wed Jul 22 23:17:25 2026] [::1]:53191 Accepted
[Wed Jul 22 23:17:25 2026] [::1]:56227 Accepted
[Wed Jul 22 23:17:25 2026] [::1]:59654 [200]: GET /js/data.js?v=3
[Wed Jul 22 23:17:25 2026] [::1]:63300 [200]: GET /assets/images/logo.png
[Wed Jul 22 23:17:25 2026] [::1]:53191 [200]: GET /assets/images/conjunto.png
[Wed Jul 22 23:17:25 2026] [::1]:56227 [200]: GET /js/main.js?v=12
[Wed Jul 22 23:17:25 2026] [::1]:59654 Closing
[Wed Jul 22 23:17:25 2026] [::1]:64883 Accepted
[Wed Jul 22 23:17:25 2026] [::1]:56227 Closing
[Wed Jul 22 23:17:25 2026] [::1]:59324 Accepted
[Wed Jul 22 23:17:25 2026] [::1]:64883 [200]: GET /js/cardapio-data.js?v=3
[Wed Jul 22 23:17:25 2026] [::1]:64883 Closing
[Wed Jul 22 23:17:25 2026] [::1]:59324 [200]: GET /js/cardapio-pages.js?v=2
[Wed Jul 22 23:17:25 2026] [::1]:59324 Closing
[Wed Jul 22 23:17:25 2026] [::1]:54477 Accepted
[Wed Jul 22 23:17:25 2026] [::1]:50259 Accepted
[Wed Jul 22 23:17:25 2026] [::1]:54477 [200]: GET /js/cardapio-flip.js?v=2
[Wed Jul 22 23:17:25 2026] [::1]:54477 Closing
[Wed Jul 22 23:17:25 2026] [::1]:50259 [200]: GET /js/cardapio.js?v=2
[Wed Jul 22 23:17:25 2026] [::1]:50259 Closing
[Wed Jul 22 23:17:25 2026] [::1]:63300 Closing
[Wed Jul 22 23:17:25 2026] [::1]:51172 Accepted
[Wed Jul 22 23:17:25 2026] [::1]:51172 [200]: GET /assets/fonts/playfair-800.woff2
[Wed Jul 22 23:17:25 2026] [::1]:51172 Closing
[Wed Jul 22 23:17:25 2026] [::1]:58234 Accepted
[Wed Jul 22 23:17:25 2026] [::1]:58556 Accepted
[Wed Jul 22 23:17:25 2026] [::1]:58234 [200]: GET /assets/fonts/inter-800.woff2
[Wed Jul 22 23:17:25 2026] [::1]:58556 [200]: GET /assets/fonts/playfair-regular.woff2
[Wed Jul 22 23:17:25 2026] [::1]:58234 Closing
[Wed Jul 22 23:17:25 2026] [::1]:58556 Closing
[Wed Jul 22 23:17:25 2026] [::1]:53191 Closing
[Wed Jul 22 23:17:25 2026] [::1]:61408 Accepted
[Wed Jul 22 23:17:25 2026] [::1]:61408 [200]: GET /data/config.json
[Wed Jul 22 23:17:25 2026] [::1]:61408 Closing
[Wed Jul 22 23:17:25 2026] [::1]:58430 Accepted
[Wed Jul 22 23:17:25 2026] [::1]:58430 [200]: GET /assets/fonts/pacifico.woff2
[Wed Jul 22 23:17:25 2026] [::1]:58430 Closing
[Wed Jul 22 23:17:26 2026] [::1]:52484 Accepted
[Wed Jul 22 23:17:26 2026] [::1]:52484 [200]: GET /assets/images/logo.png
[Wed Jul 22 23:17:26 2026] [::1]:52484 Closing
[Wed Jul 22 23:17:26 2026] [::1]:61146 Accepted
[Wed Jul 22 23:17:26 2026] [::1]:57507 Accepted
[Wed Jul 22 23:17:26 2026] [::1]:61146 [200]: GET /assets/images/sexta-conquista.jpg
[Wed Jul 22 23:17:26 2026] [::1]:57507 [200]: GET /assets/images/quarta-almoco.jpg
[Wed Jul 22 23:17:26 2026] [::1]:61146 Closing
[Wed Jul 22 23:17:26 2026] [::1]:57507 Closing
[Wed Jul 22 23:17:26 2026] [::1]:50941 Accepted
[Wed Jul 22 23:17:26 2026] [::1]:50941 [200]: GET /assets/images/mini-pasteis.jpg
[Wed Jul 22 23:17:26 2026] [::1]:50941 Closing
[Wed Jul 22 23:17:30 2026] [::1]:63723 Accepted
[Wed Jul 22 23:17:30 2026] [::1]:63723 [200]: GET /assets/images/marmitex.png
[Wed Jul 22 23:17:30 2026] [::1]:63723 Closing
[Wed Jul 22 23:17:40 2026] [::1]:57426 Accepted
[Wed Jul 22 23:17:40 2026] [::1]:63030 Accepted
[Wed Jul 22 23:17:40 2026] [::1]:57426 [200]: GET /
[Wed Jul 22 23:17:40 2026] [::1]:57426 Closing
[Wed Jul 22 23:17:40 2026] [::1]:63030 [200]: GET /assets/fonts/fonts.css
[Wed Jul 22 23:17:40 2026] [::1]:63030 Closing
[Wed Jul 22 23:17:40 2026] [::1]:63607 Accepted
[Wed Jul 22 23:17:40 2026] [::1]:60730 Accepted
[Wed Jul 22 23:17:40 2026] [::1]:51779 Accepted
[Wed Jul 22 23:17:40 2026] [::1]:65048 Accepted
[Wed Jul 22 23:17:40 2026] [::1]:55541 Accepted
[Wed Jul 22 23:17:40 2026] [::1]:63607 [200]: GET /css/reset.css
[Wed Jul 22 23:17:40 2026] [::1]:60730 [200]: GET /css/tokens.css
[Wed Jul 22 23:17:40 2026] [::1]:51779 [200]: GET /css/typography.css
[Wed Jul 22 23:17:40 2026] [::1]:65048 [200]: GET /css/components.css
[Wed Jul 22 23:17:40 2026] [::1]:63340 Accepted
[Wed Jul 22 23:17:40 2026] [::1]:55541 [200]: GET /css/layout.css?v=3
[Wed Jul 22 23:17:40 2026] [::1]:63340 [200]: GET /css/animations.css
[Wed Jul 22 23:17:40 2026] [::1]:63607 Closing
[Wed Jul 22 23:17:40 2026] [::1]:60730 Closing
[Wed Jul 22 23:17:40 2026] [::1]:51779 Closing
[Wed Jul 22 23:17:40 2026] [::1]:65048 Closing
[Wed Jul 22 23:17:40 2026] [::1]:57637 Accepted
[Wed Jul 22 23:17:40 2026] [::1]:55541 Closing
[Wed Jul 22 23:17:40 2026] [::1]:63340 Closing
[Wed Jul 22 23:17:40 2026] [::1]:60565 Accepted
[Wed Jul 22 23:17:40 2026] [::1]:57637 [200]: GET /css/cardapio.css
[Wed Jul 22 23:17:40 2026] [::1]:60565 [200]: GET /css/responsive.css
[Wed Jul 22 23:17:40 2026] [::1]:57637 Closing
[Wed Jul 22 23:17:40 2026] [::1]:60565 Closing
[Wed Jul 22 23:17:40 2026] [::1]:62767 Accepted
[Wed Jul 22 23:17:40 2026] [::1]:63636 Accepted
[Wed Jul 22 23:17:40 2026] [::1]:63413 Accepted
[Wed Jul 22 23:17:40 2026] [::1]:62767 [200]: GET /js/data.js?v=3
[Wed Jul 22 23:17:40 2026] [::1]:63636 [200]: GET /assets/images/logo.png
[Wed Jul 22 23:17:40 2026] [::1]:63413 [200]: GET /assets/images/conjunto.png
[Wed Jul 22 23:17:40 2026] [::1]:62767 Closing
[Wed Jul 22 23:17:40 2026] [::1]:50835 Accepted
[Wed Jul 22 23:17:40 2026] [::1]:49297 Accepted
[Wed Jul 22 23:17:40 2026] [::1]:64900 Accepted
[Wed Jul 22 23:17:40 2026] [::1]:50835 [200]: GET /js/main.js?v=12
[Wed Jul 22 23:17:40 2026] [::1]:49297 [200]: GET /js/cardapio-data.js?v=3
[Wed Jul 22 23:17:40 2026] [::1]:64900 [200]: GET /js/cardapio-pages.js?v=2
[Wed Jul 22 23:17:40 2026] [::1]:49274 Accepted
[Wed Jul 22 23:17:40 2026] [::1]:50835 Closing
[Wed Jul 22 23:17:40 2026] [::1]:49274 [200]: GET /js/cardapio-flip.js?v=2
[Wed Jul 22 23:17:40 2026] [::1]:49297 Closing
[Wed Jul 22 23:17:40 2026] [::1]:64900 Closing
[Wed Jul 22 23:17:40 2026] [::1]:49274 Closing
[Wed Jul 22 23:17:40 2026] [::1]:49298 Accepted
[Wed Jul 22 23:17:40 2026] [::1]:63636 Closing
[Wed Jul 22 23:17:40 2026] [::1]:49298 [200]: GET /js/cardapio.js?v=2
[Wed Jul 22 23:17:40 2026] [::1]:49298 Closing
[Wed Jul 22 23:17:40 2026] [::1]:49237 Accepted
[Wed Jul 22 23:17:40 2026] [::1]:59362 Accepted
[Wed Jul 22 23:17:40 2026] [::1]:49237 [200]: GET /assets/fonts/playfair-800.woff2
[Wed Jul 22 23:17:40 2026] [::1]:59362 [200]: GET /assets/fonts/inter-800.woff2
[Wed Jul 22 23:17:40 2026] [::1]:49237 Closing
[Wed Jul 22 23:17:40 2026] [::1]:59362 Closing
[Wed Jul 22 23:17:40 2026] [::1]:62426 Accepted
[Wed Jul 22 23:17:40 2026] [::1]:62426 [200]: GET /assets/fonts/playfair-regular.woff2
[Wed Jul 22 23:17:40 2026] [::1]:62426 Closing
[Wed Jul 22 23:17:40 2026] [::1]:63413 Closing
[Wed Jul 22 23:17:41 2026] [::1]:60257 Accepted
[Wed Jul 22 23:17:41 2026] [::1]:60257 [200]: GET /data/config.json
[Wed Jul 22 23:17:41 2026] [::1]:60257 Closing
[Wed Jul 22 23:17:41 2026] [::1]:57026 Accepted
[Wed Jul 22 23:17:41 2026] [::1]:57026 [200]: GET /assets/fonts/pacifico.woff2
[Wed Jul 22 23:17:41 2026] [::1]:57026 Closing
[Wed Jul 22 23:17:41 2026] [::1]:56897 Accepted
[Wed Jul 22 23:17:41 2026] [::1]:56897 [200]: GET /assets/images/logo.png
[Wed Jul 22 23:17:41 2026] [::1]:56897 Closing
[Wed Jul 22 23:17:42 2026] [::1]:59488 Accepted
[Wed Jul 22 23:17:42 2026] [::1]:52838 Accepted
[Wed Jul 22 23:17:42 2026] [::1]:59488 [200]: GET /assets/images/sexta-conquista.jpg
[Wed Jul 22 23:17:42 2026] [::1]:52838 [200]: GET /assets/images/quarta-almoco.jpg
[Wed Jul 22 23:17:42 2026] [::1]:59488 Closing
[Wed Jul 22 23:17:42 2026] [::1]:52838 Closing
[Wed Jul 22 23:17:42 2026] [::1]:50479 Accepted
[Wed Jul 22 23:17:42 2026] [::1]:50479 [200]: GET /assets/images/mini-pasteis.jpg
[Wed Jul 22 23:17:42 2026] [::1]:50479 Closing
[Wed Jul 22 23:17:45 2026] [::1]:57043 Accepted
[Wed Jul 22 23:17:45 2026] [::1]:57043 [200]: GET /assets/images/marmitex.png
[Wed Jul 22 23:17:45 2026] [::1]:57043 Closing
[Wed Jul 22 23:18:01 2026] [::1]:64697 Accepted
[Wed Jul 22 23:18:01 2026] [::1]:64697 [200]: GET /assets/images/copa.svg
[Wed Jul 22 23:18:01 2026] [::1]:64697 Closing
[Wed Jul 22 23:23:10 2026] [::1]:53899 Accepted
[Wed Jul 22 23:23:10 2026] [::1]:53899 [200]: GET /admin/?module=cardapio
[Wed Jul 22 23:23:10 2026] [::1]:53899 Closing
[Wed Jul 22 23:23:10 2026] [::1]:50346 Accepted
[Wed Jul 22 23:23:10 2026] [::1]:50346 [200]: GET /css/tokens.css?v=1
[Wed Jul 22 23:23:10 2026] [::1]:55309 Accepted
[Wed Jul 22 23:23:10 2026] [::1]:50346 Closing
[Wed Jul 22 23:23:10 2026] [::1]:58654 Accepted
[Wed Jul 22 23:23:10 2026] [::1]:57334 Accepted
[Wed Jul 22 23:23:10 2026] [::1]:51167 Accepted
[Wed Jul 22 23:23:10 2026] [::1]:61917 Accepted
[Wed Jul 22 23:23:10 2026] [::1]:55309 [200]: GET /css/reset.css?v=1
[Wed Jul 22 23:23:10 2026] [::1]:58654 [200]: GET /css/typography.css?v=1
[Wed Jul 22 23:23:10 2026] [::1]:57334 [200]: GET /admin/assets/admin.css?v=25
[Wed Jul 22 23:23:10 2026] [::1]:51167 [200]: GET /admin/assets/admin.js?v=25
[Wed Jul 22 23:23:10 2026] [::1]:61917 [200]: GET /admin/assets/cardapio-view.js?v=25
[Wed Jul 22 23:23:10 2026] [::1]:55309 Closing
[Wed Jul 22 23:23:10 2026] [::1]:58654 Closing
[Wed Jul 22 23:23:10 2026] [::1]:57334 Closing
[Wed Jul 22 23:23:10 2026] [::1]:51167 Closing
[Wed Jul 22 23:23:10 2026] [::1]:61917 Closing
[Wed Jul 22 23:23:10 2026] [::1]:58285 Accepted
[Wed Jul 22 23:23:10 2026] [::1]:58285 [200]: GET /admin/api/cardapio_get.php
[Wed Jul 22 23:23:10 2026] [::1]:58285 Closing
[Wed Jul 22 23:23:10 2026] [::1]:55227 Accepted
[Wed Jul 22 23:23:10 2026] [::1]:55227 [404]: GET /favicon.ico - No such file or directory
[Wed Jul 22 23:23:10 2026] [::1]:55227 Closing
[Wed Jul 22 23:23:35 2026] [::1]:61502 Accepted
[Wed Jul 22 23:23:35 2026] [::1]:60248 Accepted
[Wed Jul 22 23:23:35 2026] [::1]:61502 [200]: GET /
[Wed Jul 22 23:23:35 2026] [::1]:61502 Closing
[Wed Jul 22 23:23:35 2026] [::1]:60248 [200]: GET /assets/fonts/fonts.css
[Wed Jul 22 23:23:35 2026] [::1]:60248 Closing
[Wed Jul 22 23:23:35 2026] [::1]:54900 Accepted
[Wed Jul 22 23:23:35 2026] [::1]:53861 Accepted
[Wed Jul 22 23:23:35 2026] [::1]:62997 Accepted
[Wed Jul 22 23:23:35 2026] [::1]:54900 [200]: GET /css/reset.css
[Wed Jul 22 23:23:35 2026] [::1]:53861 [200]: GET /css/tokens.css
[Wed Jul 22 23:23:35 2026] [::1]:62997 [200]: GET /css/typography.css
[Wed Jul 22 23:23:35 2026] [::1]:54900 Closing
[Wed Jul 22 23:23:35 2026] [::1]:53861 Closing
[Wed Jul 22 23:23:35 2026] [::1]:62997 Closing
[Wed Jul 22 23:23:35 2026] [::1]:59407 Accepted
[Wed Jul 22 23:23:35 2026] [::1]:49727 Accepted
[Wed Jul 22 23:23:35 2026] [::1]:58678 Accepted
[Wed Jul 22 23:23:35 2026] [::1]:52512 Accepted
[Wed Jul 22 23:23:35 2026] [::1]:59407 [200]: GET /css/components.css
[Wed Jul 22 23:23:35 2026] [::1]:49727 [200]: GET /css/layout.css?v=3
[Wed Jul 22 23:23:35 2026] [::1]:58678 [200]: GET /css/animations.css
[Wed Jul 22 23:23:35 2026] [::1]:59407 Closing
[Wed Jul 22 23:23:35 2026] [::1]:52512 [200]: GET /css/cardapio.css
[Wed Jul 22 23:23:35 2026] [::1]:49727 Closing
[Wed Jul 22 23:23:35 2026] [::1]:58678 Closing
[Wed Jul 22 23:23:35 2026] [::1]:52512 Closing
[Wed Jul 22 23:23:35 2026] [::1]:51646 Accepted
[Wed Jul 22 23:23:35 2026] [::1]:54652 Accepted
[Wed Jul 22 23:23:35 2026] [::1]:61811 Accepted
[Wed Jul 22 23:23:35 2026] [::1]:49671 Accepted
[Wed Jul 22 23:23:35 2026] [::1]:51646 [200]: GET /css/responsive.css
[Wed Jul 22 23:23:35 2026] [::1]:54652 [200]: GET /js/data.js?v=3
[Wed Jul 22 23:23:35 2026] [::1]:51646 Closing
[Wed Jul 22 23:23:35 2026] [::1]:61811 [200]: GET /assets/images/conjunto.png
[Wed Jul 22 23:23:35 2026] [::1]:49671 [200]: GET /js/main.js?v=12
[Wed Jul 22 23:23:35 2026] [::1]:54652 Closing
[Wed Jul 22 23:23:35 2026] [::1]:49671 Closing
[Wed Jul 22 23:23:35 2026] [::1]:57942 Accepted
[Wed Jul 22 23:23:35 2026] [::1]:50060 Accepted
[Wed Jul 22 23:23:35 2026] [::1]:57942 [200]: GET /assets/images/logo.png
[Wed Jul 22 23:23:35 2026] [::1]:50060 [200]: GET /js/cardapio-data.js?v=3
[Wed Jul 22 23:23:35 2026] [::1]:50060 Closing
[Wed Jul 22 23:23:35 2026] [::1]:61478 Accepted
[Wed Jul 22 23:23:35 2026] [::1]:55471 Accepted
[Wed Jul 22 23:23:35 2026] [::1]:64282 Accepted
[Wed Jul 22 23:23:35 2026] [::1]:61478 [200]: GET /js/cardapio-pages.js?v=2
[Wed Jul 22 23:23:35 2026] [::1]:55471 [200]: GET /js/cardapio-flip.js?v=2
[Wed Jul 22 23:23:35 2026] [::1]:64282 [200]: GET /js/cardapio.js?v=2
[Wed Jul 22 23:23:35 2026] [::1]:61478 Closing
[Wed Jul 22 23:23:35 2026] [::1]:55471 Closing
[Wed Jul 22 23:23:35 2026] [::1]:64282 Closing
[Wed Jul 22 23:23:35 2026] [::1]:52444 Accepted
[Wed Jul 22 23:23:35 2026] [::1]:52444 [200]: GET /assets/fonts/playfair-800.woff2
[Wed Jul 22 23:23:35 2026] [::1]:52444 Closing
[Wed Jul 22 23:23:35 2026] [::1]:59973 Accepted
[Wed Jul 22 23:23:35 2026] [::1]:50313 Accepted
[Wed Jul 22 23:23:35 2026] [::1]:59973 [200]: GET /assets/fonts/inter-800.woff2
[Wed Jul 22 23:23:35 2026] [::1]:50313 [200]: GET /assets/fonts/playfair-regular.woff2
[Wed Jul 22 23:23:35 2026] [::1]:59973 Closing
[Wed Jul 22 23:23:35 2026] [::1]:50313 Closing
[Wed Jul 22 23:23:35 2026] [::1]:61811 Closing
[Wed Jul 22 23:23:35 2026] [::1]:57942 Closing
[Wed Jul 22 23:23:35 2026] [::1]:58342 Accepted
[Wed Jul 22 23:23:35 2026] [::1]:58342 [200]: GET /data/config.json
[Wed Jul 22 23:23:35 2026] [::1]:58342 Closing
[Wed Jul 22 23:23:35 2026] [::1]:58369 Accepted
[Wed Jul 22 23:23:35 2026] [::1]:58369 [200]: GET /assets/fonts/pacifico.woff2
[Wed Jul 22 23:23:35 2026] [::1]:58369 Closing
[Wed Jul 22 23:23:36 2026] [::1]:52182 Accepted
[Wed Jul 22 23:23:36 2026] [::1]:52182 [200]: GET /assets/images/logo.png
[Wed Jul 22 23:23:36 2026] [::1]:52182 Closing
[Wed Jul 22 23:23:36 2026] [::1]:52286 Accepted
[Wed Jul 22 23:23:36 2026] [::1]:60403 Accepted
[Wed Jul 22 23:23:36 2026] [::1]:52286 [200]: GET /assets/images/sexta-conquista.jpg
[Wed Jul 22 23:23:36 2026] [::1]:60403 [200]: GET /assets/images/quarta-almoco.jpg
[Wed Jul 22 23:23:36 2026] [::1]:52286 Closing
[Wed Jul 22 23:23:36 2026] [::1]:60403 Closing
[Wed Jul 22 23:23:36 2026] [::1]:52810 Accepted
[Wed Jul 22 23:23:36 2026] [::1]:52810 [200]: GET /assets/images/mini-pasteis.jpg
[Wed Jul 22 23:23:36 2026] [::1]:52810 Closing
[Wed Jul 22 23:23:39 2026] [::1]:63921 Accepted
[Wed Jul 22 23:23:39 2026] [::1]:63921 [200]: GET /assets/images/marmitex.png
[Wed Jul 22 23:23:39 2026] [::1]:63921 Closing
[Wed Jul 22 23:23:53 2026] [::1]:61262 Accepted
[Wed Jul 22 23:23:53 2026] [::1]:61262 [200]: GET /assets/images/copa.svg
[Wed Jul 22 23:23:53 2026] [::1]:61262 Closing
[Wed Jul 22 23:24:24 2026] [::1]:63021 Accepted
[Wed Jul 22 23:24:24 2026] [::1]:63021 [200]: POST /admin/api/cardapio_save.php
[Wed Jul 22 23:24:24 2026] [::1]:63021 Closing
[Wed Jul 22 23:24:24 2026] [::1]:59161 Accepted
[Wed Jul 22 23:24:24 2026] [::1]:59161 [200]: GET /data/config.json
[Wed Jul 22 23:24:24 2026] [::1]:63448 Accepted
[Wed Jul 22 23:24:24 2026] [::1]:59161 Closing
[Wed Jul 22 23:24:24 2026] [::1]:59854 Accepted
[Wed Jul 22 23:24:24 2026] [::1]:65175 Accepted
[Wed Jul 22 23:24:24 2026] [::1]:63448 [200]: GET /data/cardapio-sections.json
[Wed Jul 22 23:24:24 2026] [::1]:59854 [200]: GET /data/config.json
[Wed Jul 22 23:24:24 2026] [::1]:65175 [200]: GET /data/cardapio-sections.json
[Wed Jul 22 23:24:24 2026] [::1]:63448 Closing
[Wed Jul 22 23:24:24 2026] [::1]:59854 Closing
[Wed Jul 22 23:24:24 2026] [::1]:65175 Closing
[Wed Jul 22 23:24:24 2026] [::1]:63652 Accepted
[Wed Jul 22 23:24:24 2026] [::1]:63652 [200]: GET /assets/images/logo.png
[Wed Jul 22 23:24:24 2026] [::1]:63652 Closing
[Wed Jul 22 23:24:26 2026] [::1]:49286 Accepted
[Wed Jul 22 23:24:26 2026] [::1]:58546 Accepted
[Wed Jul 22 23:24:26 2026] [::1]:49286 [200]: GET /
[Wed Jul 22 23:24:26 2026] [::1]:49286 Closing
[Wed Jul 22 23:24:26 2026] [::1]:58546 [200]: GET /assets/fonts/fonts.css
[Wed Jul 22 23:24:26 2026] [::1]:58546 Closing
[Wed Jul 22 23:24:26 2026] [::1]:63922 Accepted
[Wed Jul 22 23:24:26 2026] [::1]:50842 Accepted
[Wed Jul 22 23:24:26 2026] [::1]:55980 Accepted
[Wed Jul 22 23:24:26 2026] [::1]:53233 Accepted
[Wed Jul 22 23:24:26 2026] [::1]:57532 Accepted
[Wed Jul 22 23:24:26 2026] [::1]:63922 [200]: GET /css/reset.css
[Wed Jul 22 23:24:26 2026] [::1]:63922 Closing
[Wed Jul 22 23:24:26 2026] [::1]:50842 [200]: GET /css/tokens.css
[Wed Jul 22 23:24:26 2026] [::1]:55980 [200]: GET /css/typography.css
[Wed Jul 22 23:24:26 2026] [::1]:53233 [200]: GET /css/components.css
[Wed Jul 22 23:24:26 2026] [::1]:57532 [200]: GET /css/layout.css?v=3
[Wed Jul 22 23:24:26 2026] [::1]:55207 Accepted
[Wed Jul 22 23:24:26 2026] [::1]:50842 Closing
[Wed Jul 22 23:24:26 2026] [::1]:55207 [200]: GET /css/animations.css
[Wed Jul 22 23:24:26 2026] [::1]:55980 Closing
[Wed Jul 22 23:24:26 2026] [::1]:53233 Closing
[Wed Jul 22 23:24:26 2026] [::1]:57532 Closing
[Wed Jul 22 23:24:26 2026] [::1]:58495 Accepted
[Wed Jul 22 23:24:26 2026] [::1]:55207 Closing
[Wed Jul 22 23:24:26 2026] [::1]:58495 [200]: GET /css/cardapio.css
[Wed Jul 22 23:24:26 2026] [::1]:58495 Closing
[Wed Jul 22 23:24:26 2026] [::1]:57236 Accepted
[Wed Jul 22 23:24:26 2026] [::1]:57236 [200]: GET /css/responsive.css
[Wed Jul 22 23:24:26 2026] [::1]:57236 Closing
[Wed Jul 22 23:24:26 2026] [::1]:51209 Accepted
[Wed Jul 22 23:24:26 2026] [::1]:62829 Accepted
[Wed Jul 22 23:24:26 2026] [::1]:55351 Accepted
[Wed Jul 22 23:24:26 2026] [::1]:64123 Accepted
[Wed Jul 22 23:24:26 2026] [::1]:51209 [200]: GET /js/data.js?v=3
[Wed Jul 22 23:24:26 2026] [::1]:62829 [200]: GET /assets/images/conjunto.png
[Wed Jul 22 23:24:26 2026] [::1]:55351 [200]: GET /js/main.js?v=12
[Wed Jul 22 23:24:26 2026] [::1]:64123 [200]: GET /assets/images/logo.png
[Wed Jul 22 23:24:26 2026] [::1]:51209 Closing
[Wed Jul 22 23:24:26 2026] [::1]:62879 Accepted
[Wed Jul 22 23:24:26 2026] [::1]:55351 Closing
[Wed Jul 22 23:24:26 2026] [::1]:56712 Accepted
[Wed Jul 22 23:24:26 2026] [::1]:62879 [200]: GET /js/cardapio-data.js?v=3
[Wed Jul 22 23:24:26 2026] [::1]:56712 [200]: GET /js/cardapio-pages.js?v=2
[Wed Jul 22 23:24:26 2026] [::1]:62879 Closing
[Wed Jul 22 23:24:26 2026] [::1]:56712 Closing
[Wed Jul 22 23:24:26 2026] [::1]:63296 Accepted
[Wed Jul 22 23:24:26 2026] [::1]:61085 Accepted
[Wed Jul 22 23:24:26 2026] [::1]:63296 [200]: GET /js/cardapio-flip.js?v=2
[Wed Jul 22 23:24:26 2026] [::1]:61085 [200]: GET /js/cardapio.js?v=2
[Wed Jul 22 23:24:26 2026] [::1]:63296 Closing
[Wed Jul 22 23:24:26 2026] [::1]:61085 Closing
[Wed Jul 22 23:24:26 2026] [::1]:63778 Accepted
[Wed Jul 22 23:24:26 2026] [::1]:63778 [200]: GET /assets/fonts/inter-800.woff2
[Wed Jul 22 23:24:26 2026] [::1]:64123 Closing
[Wed Jul 22 23:24:26 2026] [::1]:63778 Closing
[Wed Jul 22 23:24:26 2026] [::1]:57437 Accepted
[Wed Jul 22 23:24:26 2026] [::1]:55653 Accepted
[Wed Jul 22 23:24:26 2026] [::1]:57437 [200]: GET /assets/fonts/playfair-800.woff2
[Wed Jul 22 23:24:26 2026] [::1]:55653 [200]: GET /assets/fonts/playfair-regular.woff2
[Wed Jul 22 23:24:26 2026] [::1]:57437 Closing
[Wed Jul 22 23:24:26 2026] [::1]:55653 Closing
[Wed Jul 22 23:24:26 2026] [::1]:62829 Closing
[Wed Jul 22 23:24:26 2026] [::1]:51471 Accepted
[Wed Jul 22 23:24:26 2026] [::1]:51471 [200]: GET /assets/images/quarta-almoco.jpg
[Wed Jul 22 23:24:26 2026] [::1]:52964 Accepted
[Wed Jul 22 23:24:26 2026] [::1]:51471 Closing
[Wed Jul 22 23:24:26 2026] [::1]:52964 [200]: GET /assets/images/sexta-conquista.jpg
[Wed Jul 22 23:24:26 2026] [::1]:52964 Closing
[Wed Jul 22 23:24:26 2026] [::1]:57801 Accepted
[Wed Jul 22 23:24:26 2026] [::1]:57801 [200]: GET /data/config.json
[Wed Jul 22 23:24:26 2026] [::1]:57801 Closing
[Wed Jul 22 23:24:26 2026] [::1]:60867 Accepted
[Wed Jul 22 23:24:26 2026] [::1]:60867 [200]: GET /assets/fonts/pacifico.woff2
[Wed Jul 22 23:24:26 2026] [::1]:60867 Closing
[Wed Jul 22 23:24:26 2026] [::1]:52331 Accepted
[Wed Jul 22 23:24:26 2026] [::1]:52331 [200]: GET /assets/images/mini-pasteis.jpg
[Wed Jul 22 23:24:26 2026] [::1]:52331 Closing
[Wed Jul 22 23:24:26 2026] [::1]:56668 Accepted
[Wed Jul 22 23:24:26 2026] [::1]:56668 [200]: GET /assets/images/logo.png
[Wed Jul 22 23:24:26 2026] [::1]:56668 Closing
[Wed Jul 22 23:24:30 2026] [::1]:50527 Accepted
[Wed Jul 22 23:24:30 2026] [::1]:50527 [200]: GET /assets/images/marmitex.png
[Wed Jul 22 23:24:30 2026] [::1]:50527 Closing
[Wed Jul 22 23:24:44 2026] [::1]:56023 Accepted
[Wed Jul 22 23:24:44 2026] [::1]:56023 [200]: GET /assets/images/copa.svg
[Wed Jul 22 23:24:44 2026] [::1]:56023 Closing
[Wed Jul 22 23:37:50 2026] [::1]:52521 Accepted
[Wed Jul 22 23:37:50 2026] [::1]:52521 [200]: GET /admin/?module=cardapio
[Wed Jul 22 23:37:50 2026] [::1]:52521 Closing
[Wed Jul 22 23:37:50 2026] [::1]:51889 Accepted
[Wed Jul 22 23:37:50 2026] [::1]:51889 [200]: GET /css/tokens.css?v=1
[Wed Jul 22 23:37:50 2026] [::1]:64904 Accepted
[Wed Jul 22 23:37:50 2026] [::1]:51889 Closing
[Wed Jul 22 23:37:50 2026] [::1]:57926 Accepted
[Wed Jul 22 23:37:50 2026] [::1]:64143 Accepted
[Wed Jul 22 23:37:50 2026] [::1]:51564 Accepted
[Wed Jul 22 23:37:50 2026] [::1]:57434 Accepted
[Wed Jul 22 23:37:50 2026] [::1]:64904 [200]: GET /css/reset.css?v=1
[Wed Jul 22 23:37:50 2026] [::1]:57926 [200]: GET /css/typography.css?v=1
[Wed Jul 22 23:37:50 2026] [::1]:64143 [200]: GET /admin/assets/admin.css?v=25
[Wed Jul 22 23:37:50 2026] [::1]:64904 Closing
[Wed Jul 22 23:37:50 2026] [::1]:51564 [200]: GET /admin/assets/admin.js?v=25
[Wed Jul 22 23:37:50 2026] [::1]:57434 [200]: GET /admin/assets/cardapio-view.js?v=25
[Wed Jul 22 23:37:50 2026] [::1]:57926 Closing
[Wed Jul 22 23:37:50 2026] [::1]:64143 Closing
[Wed Jul 22 23:37:50 2026] [::1]:51564 Closing
[Wed Jul 22 23:37:50 2026] [::1]:57434 Closing
[Wed Jul 22 23:37:50 2026] [::1]:59617 Accepted
[Wed Jul 22 23:37:50 2026] [::1]:59617 [200]: GET /admin/api/cardapio_get.php
[Wed Jul 22 23:37:50 2026] [::1]:59617 Closing
[Wed Jul 22 23:37:50 2026] [::1]:58476 Accepted
[Wed Jul 22 23:37:50 2026] [::1]:58476 [404]: GET /favicon.ico - No such file or directory
[Wed Jul 22 23:37:50 2026] [::1]:58476 Closing
[Wed Jul 22 23:37:55 2026] [::1]:54484 Accepted
[Wed Jul 22 23:37:55 2026] [::1]:54484 [200]: POST /admin/api/cardapio_save.php
[Wed Jul 22 23:37:55 2026] [::1]:54484 Closing
[Wed Jul 22 23:37:55 2026] [::1]:53013 Accepted
[Wed Jul 22 23:37:55 2026] [::1]:53013 [200]: GET /data/config.json
[Wed Jul 22 23:37:55 2026] [::1]:58073 Accepted
[Wed Jul 22 23:37:55 2026] [::1]:53013 Closing
[Wed Jul 22 23:37:55 2026] [::1]:57229 Accepted
[Wed Jul 22 23:37:55 2026] [::1]:52432 Accepted
[Wed Jul 22 23:37:55 2026] [::1]:58073 [200]: GET /data/cardapio-sections.json
[Wed Jul 22 23:37:55 2026] [::1]:57229 [200]: GET /data/config.json
[Wed Jul 22 23:37:55 2026] [::1]:52432 [200]: GET /data/cardapio-sections.json
[Wed Jul 22 23:37:55 2026] [::1]:58073 Closing
[Wed Jul 22 23:37:55 2026] [::1]:57229 Closing
[Wed Jul 22 23:37:55 2026] [::1]:52432 Closing
[Wed Jul 22 23:37:55 2026] [::1]:51212 Accepted
[Wed Jul 22 23:37:55 2026] [::1]:51212 [200]: GET /assets/images/logo.png
[Wed Jul 22 23:37:55 2026] [::1]:51212 Closing
[Wed Jul 22 23:37:56 2026] [::1]:50438 Accepted
[Wed Jul 22 23:37:56 2026] [::1]:49189 Accepted
[Wed Jul 22 23:37:56 2026] [::1]:50438 [200]: GET /
[Wed Jul 22 23:37:56 2026] [::1]:50438 Closing
[Wed Jul 22 23:37:57 2026] [::1]:49189 [200]: GET /assets/fonts/fonts.css
[Wed Jul 22 23:37:57 2026] [::1]:49189 Closing
[Wed Jul 22 23:37:57 2026] [::1]:64257 Accepted
[Wed Jul 22 23:37:57 2026] [::1]:64968 Accepted
[Wed Jul 22 23:37:57 2026] [::1]:54925 Accepted
[Wed Jul 22 23:37:57 2026] [::1]:58885 Accepted
[Wed Jul 22 23:37:57 2026] [::1]:55806 Accepted
[Wed Jul 22 23:37:57 2026] [::1]:64257 [200]: GET /css/reset.css
[Wed Jul 22 23:37:57 2026] [::1]:64968 [200]: GET /css/tokens.css
[Wed Jul 22 23:37:57 2026] [::1]:54925 [200]: GET /css/typography.css
[Wed Jul 22 23:37:57 2026] [::1]:58885 [200]: GET /css/components.css
[Wed Jul 22 23:37:57 2026] [::1]:55806 [200]: GET /css/layout.css?v=3
[Wed Jul 22 23:37:57 2026] [::1]:55574 Accepted
[Wed Jul 22 23:37:57 2026] [::1]:64257 Closing
[Wed Jul 22 23:37:57 2026] [::1]:55574 [200]: GET /css/animations.css
[Wed Jul 22 23:37:57 2026] [::1]:64968 Closing
[Wed Jul 22 23:37:57 2026] [::1]:54925 Closing
[Wed Jul 22 23:37:57 2026] [::1]:58885 Closing
[Wed Jul 22 23:37:57 2026] [::1]:55806 Closing
[Wed Jul 22 23:37:57 2026] [::1]:55574 Closing
[Wed Jul 22 23:37:57 2026] [::1]:53881 Accepted
[Wed Jul 22 23:37:57 2026] [::1]:62577 Accepted
[Wed Jul 22 23:37:57 2026] [::1]:53881 [200]: GET /css/cardapio.css
[Wed Jul 22 23:37:57 2026] [::1]:62577 [200]: GET /css/responsive.css
[Wed Jul 22 23:37:57 2026] [::1]:53881 Closing
[Wed Jul 22 23:37:57 2026] [::1]:62577 Closing
[Wed Jul 22 23:37:57 2026] [::1]:56022 Accepted
[Wed Jul 22 23:37:57 2026] [::1]:57322 Accepted
[Wed Jul 22 23:37:57 2026] [::1]:54567 Accepted
[Wed Jul 22 23:37:57 2026] [::1]:53018 Accepted
[Wed Jul 22 23:37:57 2026] [::1]:56022 [200]: GET /js/data.js?v=3
[Wed Jul 22 23:37:57 2026] [::1]:57322 [200]: GET /assets/images/logo.png
[Wed Jul 22 23:37:57 2026] [::1]:54567 [200]: GET /assets/images/conjunto.png
[Wed Jul 22 23:37:57 2026] [::1]:53018 [200]: GET /js/main.js?v=12
[Wed Jul 22 23:37:57 2026] [::1]:56022 Closing
[Wed Jul 22 23:37:57 2026] [::1]:50250 Accepted
[Wed Jul 22 23:37:57 2026] [::1]:53018 Closing
[Wed Jul 22 23:37:57 2026] [::1]:55486 Accepted
[Wed Jul 22 23:37:57 2026] [::1]:50250 [200]: GET /js/cardapio-data.js?v=3
[Wed Jul 22 23:37:57 2026] [::1]:55486 [200]: GET /js/cardapio-pages.js?v=2
[Wed Jul 22 23:37:57 2026] [::1]:50250 Closing
[Wed Jul 22 23:37:57 2026] [::1]:55486 Closing
[Wed Jul 22 23:37:57 2026] [::1]:55524 Accepted
[Wed Jul 22 23:37:57 2026] [::1]:55524 [200]: GET /js/cardapio-flip.js?v=2
[Wed Jul 22 23:37:57 2026] [::1]:55524 Closing
[Wed Jul 22 23:37:57 2026] [::1]:62791 Accepted
[Wed Jul 22 23:37:57 2026] [::1]:59272 Accepted
[Wed Jul 22 23:37:57 2026] [::1]:62791 [200]: GET /assets/fonts/playfair-800.woff2
[Wed Jul 22 23:37:57 2026] [::1]:62791 Closing
[Wed Jul 22 23:37:57 2026] [::1]:59272 [200]: GET /js/cardapio.js?v=2
[Wed Jul 22 23:37:57 2026] [::1]:59272 Closing
[Wed Jul 22 23:37:57 2026] [::1]:57322 Closing
[Wed Jul 22 23:37:57 2026] [::1]:58112 Accepted
[Wed Jul 22 23:37:57 2026] [::1]:52135 Accepted
[Wed Jul 22 23:37:57 2026] [::1]:58112 [200]: GET /assets/fonts/inter-800.woff2
[Wed Jul 22 23:37:57 2026] [::1]:52135 [200]: GET /assets/fonts/playfair-regular.woff2
[Wed Jul 22 23:37:57 2026] [::1]:58112 Closing
[Wed Jul 22 23:37:57 2026] [::1]:52135 Closing
[Wed Jul 22 23:37:57 2026] [::1]:54567 Closing
[Wed Jul 22 23:37:57 2026] [::1]:59507 Accepted
[Wed Jul 22 23:37:57 2026] [::1]:59507 [200]: GET /data/config.json
[Wed Jul 22 23:37:57 2026] [::1]:59507 Closing
[Wed Jul 22 23:37:57 2026] [::1]:55912 Accepted
[Wed Jul 22 23:37:57 2026] [::1]:55912 [200]: GET /assets/fonts/pacifico.woff2
[Wed Jul 22 23:37:57 2026] [::1]:55912 Closing
[Wed Jul 22 23:37:57 2026] [::1]:55745 Accepted
[Wed Jul 22 23:37:57 2026] [::1]:55745 [200]: GET /assets/images/logo.png
[Wed Jul 22 23:37:57 2026] [::1]:55745 Closing
[Wed Jul 22 23:37:58 2026] [::1]:55875 Accepted
[Wed Jul 22 23:37:58 2026] [::1]:64410 Accepted
[Wed Jul 22 23:37:58 2026] [::1]:55875 [200]: GET /assets/images/sexta-conquista.jpg
[Wed Jul 22 23:37:58 2026] [::1]:64410 [200]: GET /assets/images/quarta-almoco.jpg
[Wed Jul 22 23:37:58 2026] [::1]:55875 Closing
[Wed Jul 22 23:37:58 2026] [::1]:64410 Closing
[Wed Jul 22 23:37:58 2026] [::1]:55081 Accepted
[Wed Jul 22 23:37:58 2026] [::1]:55081 [200]: GET /assets/images/mini-pasteis.jpg
[Wed Jul 22 23:37:58 2026] [::1]:55081 Closing
[Wed Jul 22 23:38:01 2026] [::1]:50208 Accepted
[Wed Jul 22 23:38:01 2026] [::1]:50208 [200]: GET /assets/images/marmitex.png
[Wed Jul 22 23:38:01 2026] [::1]:50208 Closing
[Wed Jul 22 23:38:18 2026] [::1]:50670 Accepted
[Wed Jul 22 23:38:18 2026] [::1]:50670 [200]: GET /assets/images/copa.svg
[Wed Jul 22 23:38:18 2026] [::1]:50670 Closing
[Wed Jul 22 23:38:56 2026] [::1]:64198 Accepted
[Wed Jul 22 23:38:57 2026] [::1]:64198 [200]: GET /admin/?module=imagens
[Wed Jul 22 23:38:57 2026] [::1]:64198 Closing
[Wed Jul 22 23:38:57 2026] [::1]:59025 Accepted
[Wed Jul 22 23:38:57 2026] [::1]:59025 [200]: GET /css/tokens.css?v=1
[Wed Jul 22 23:38:57 2026] [::1]:59025 Closing
[Wed Jul 22 23:38:57 2026] [::1]:55883 Accepted
[Wed Jul 22 23:38:57 2026] [::1]:51608 Accepted
[Wed Jul 22 23:38:57 2026] [::1]:64055 Accepted
[Wed Jul 22 23:38:57 2026] [::1]:55883 [200]: GET /css/reset.css?v=1
[Wed Jul 22 23:38:57 2026] [::1]:51608 [200]: GET /css/typography.css?v=1
[Wed Jul 22 23:38:57 2026] [::1]:62067 Accepted
[Wed Jul 22 23:38:57 2026] [::1]:64055 [200]: GET /admin/assets/admin.css?v=25
[Wed Jul 22 23:38:57 2026] [::1]:55883 Closing
[Wed Jul 22 23:38:57 2026] [::1]:62067 [200]: GET /admin/assets/admin.js?v=25
[Wed Jul 22 23:38:57 2026] [::1]:51608 Closing
[Wed Jul 22 23:38:57 2026] [::1]:64055 Closing
[Wed Jul 22 23:38:57 2026] [::1]:62067 Closing
[Wed Jul 22 23:38:57 2026] [::1]:52071 Accepted
[Wed Jul 22 23:38:57 2026] [::1]:52071 [200]: GET /admin/assets/images-view.js?v=25
[Wed Jul 22 23:38:57 2026] [::1]:52071 Closing
[Wed Jul 22 23:38:57 2026] [::1]:51059 Accepted
[Wed Jul 22 23:38:57 2026] [::1]:51059 [200]: GET /admin/api/images_list.php
[Wed Jul 22 23:38:57 2026] [::1]:51059 Closing
[Wed Jul 22 23:38:57 2026] [::1]:58079 Accepted
[Wed Jul 22 23:38:57 2026] [::1]:58079 [404]: GET /favicon.ico - No such file or directory
[Wed Jul 22 23:38:57 2026] [::1]:58079 Closing
[Wed Jul 22 23:38:57 2026] [::1]:56199 Accepted
[Wed Jul 22 23:38:57 2026] [::1]:65530 Accepted
[Wed Jul 22 23:38:57 2026] [::1]:50632 Accepted
[Wed Jul 22 23:38:57 2026] [::1]:50289 Accepted
[Wed Jul 22 23:38:57 2026] [::1]:56199 [200]: GET /assets/images/thumbs/conjunto.png.thumb.jpg?v=1782268276&r=1782268276
[Wed Jul 22 23:38:57 2026] [::1]:65530 [200]: GET /assets/images/thumbs/copa.svg.thumb.svg?v=1782268276&r=1782268276
[Wed Jul 22 23:38:57 2026] [::1]:50632 [200]: GET /assets/images/thumbs/logo.png.thumb.jpg?v=1782268276&r=1782268276
[Wed Jul 22 23:38:57 2026] [::1]:50289 [200]: GET /assets/images/thumbs/marmitex.png.thumb.jpg?v=1782268276&r=1782268276
[Wed Jul 22 23:38:57 2026] [::1]:54205 Accepted
[Wed Jul 22 23:38:57 2026] [::1]:55752 Accepted
[Wed Jul 22 23:38:57 2026] [::1]:54205 [200]: GET /assets/images/thumbs/mini-pasteis.jpg.thumb.jpg?v=1782268276&r=1782268276
[Wed Jul 22 23:38:57 2026] [::1]:56199 Closing
[Wed Jul 22 23:38:57 2026] [::1]:55752 [200]: GET /assets/images/thumbs/quarta-almoco.jpg.thumb.jpg?v=1782268276&r=1782268276
[Wed Jul 22 23:38:57 2026] [::1]:50632 Closing
[Wed Jul 22 23:38:57 2026] [::1]:50289 Closing
[Wed Jul 22 23:38:57 2026] [::1]:54205 Closing
[Wed Jul 22 23:38:57 2026] [::1]:55752 Closing
[Wed Jul 22 23:38:57 2026] [::1]:53482 Accepted
[Wed Jul 22 23:38:57 2026] [::1]:53482 [200]: GET /assets/images/thumbs/sexta-conquista.jpg.thumb.jpg?v=1782268276&r=1782268276
[Wed Jul 22 23:38:57 2026] [::1]:53482 Closing
[Wed Jul 22 23:38:57 2026] [::1]:65530 Closing
[Wed Jul 22 23:39:11 2026] [::1]:52459 Accepted
[Wed Jul 22 23:39:12 2026] [::1]:52459 [200]: GET /admin/?module=cardapio
[Wed Jul 22 23:39:12 2026] [::1]:52459 Closing
[Wed Jul 22 23:39:12 2026] [::1]:56734 Accepted
[Wed Jul 22 23:39:12 2026] [::1]:56734 [200]: GET /css/tokens.css?v=1
[Wed Jul 22 23:39:12 2026] [::1]:56734 Closing
[Wed Jul 22 23:39:12 2026] [::1]:54936 Accepted
[Wed Jul 22 23:39:12 2026] [::1]:53403 Accepted
[Wed Jul 22 23:39:12 2026] [::1]:54936 [200]: GET /css/reset.css?v=1
[Wed Jul 22 23:39:12 2026] [::1]:61025 Accepted
[Wed Jul 22 23:39:12 2026] [::1]:53403 [200]: GET /css/typography.css?v=1
[Wed Jul 22 23:39:12 2026] [::1]:63433 Accepted
[Wed Jul 22 23:39:12 2026] [::1]:53792 Accepted
[Wed Jul 22 23:39:12 2026] [::1]:54936 Closing
[Wed Jul 22 23:39:12 2026] [::1]:61025 [200]: GET /admin/assets/admin.css?v=25
[Wed Jul 22 23:39:12 2026] [::1]:63433 [200]: GET /admin/assets/admin.js?v=25
[Wed Jul 22 23:39:12 2026] [::1]:53792 [200]: GET /admin/assets/cardapio-view.js?v=25
[Wed Jul 22 23:39:12 2026] [::1]:53403 Closing
[Wed Jul 22 23:39:12 2026] [::1]:61025 Closing
[Wed Jul 22 23:39:12 2026] [::1]:63433 Closing
[Wed Jul 22 23:39:12 2026] [::1]:53792 Closing
[Wed Jul 22 23:39:12 2026] [::1]:50980 Accepted
[Wed Jul 22 23:39:12 2026] [::1]:50980 [200]: GET /admin/api/cardapio_get.php
[Wed Jul 22 23:39:12 2026] [::1]:50980 Closing
[Wed Jul 22 23:39:16 2026] [::1]:61899 Accepted
[Wed Jul 22 23:39:17 2026] [::1]:61899 [200]: GET /admin/?module=contato
[Wed Jul 22 23:39:17 2026] [::1]:61899 Closing
[Wed Jul 22 23:39:17 2026] [::1]:49790 Accepted
[Wed Jul 22 23:39:17 2026] [::1]:49790 [200]: GET /css/tokens.css?v=1
[Wed Jul 22 23:39:17 2026] [::1]:49790 Closing
[Wed Jul 22 23:39:17 2026] [::1]:65075 Accepted
[Wed Jul 22 23:39:17 2026] [::1]:51121 Accepted
[Wed Jul 22 23:39:17 2026] [::1]:62665 Accepted
[Wed Jul 22 23:39:17 2026] [::1]:65075 [200]: GET /css/reset.css?v=1
[Wed Jul 22 23:39:17 2026] [::1]:51121 [200]: GET /css/typography.css?v=1
[Wed Jul 22 23:39:17 2026] [::1]:62665 [200]: GET /admin/assets/admin.css?v=25
[Wed Jul 22 23:39:17 2026] [::1]:63707 Accepted
[Wed Jul 22 23:39:17 2026] [::1]:58320 Accepted
[Wed Jul 22 23:39:17 2026] [::1]:65075 Closing
[Wed Jul 22 23:39:17 2026] [::1]:51121 Closing
[Wed Jul 22 23:39:17 2026] [::1]:62665 Closing
[Wed Jul 22 23:39:17 2026] [::1]:63707 [200]: GET /admin/assets/admin.js?v=25
[Wed Jul 22 23:39:17 2026] [::1]:58320 [200]: GET /admin/assets/contact-view.js?v=25
[Wed Jul 22 23:39:17 2026] [::1]:63707 Closing
[Wed Jul 22 23:39:17 2026] [::1]:58320 Closing
[Wed Jul 22 23:39:17 2026] [::1]:64839 Accepted
[Wed Jul 22 23:39:17 2026] [::1]:64839 [200]: GET /admin/api/contact_get.php
[Wed Jul 22 23:39:17 2026] [::1]:64839 Closing
[Wed Jul 22 23:39:18 2026] [::1]:56403 Accepted
[Wed Jul 22 23:39:18 2026] [::1]:56403 [200]: GET /admin/?module=horarios
[Wed Jul 22 23:39:18 2026] [::1]:56403 Closing
[Wed Jul 22 23:39:18 2026] [::1]:51497 Accepted
[Wed Jul 22 23:39:18 2026] [::1]:51497 [200]: GET /css/tokens.css?v=1
[Wed Jul 22 23:39:18 2026] [::1]:51497 Closing
[Wed Jul 22 23:39:18 2026] [::1]:52240 Accepted
[Wed Jul 22 23:39:18 2026] [::1]:55112 Accepted
[Wed Jul 22 23:39:18 2026] [::1]:54504 Accepted
[Wed Jul 22 23:39:18 2026] [::1]:52240 [200]: GET /css/reset.css?v=1
[Wed Jul 22 23:39:18 2026] [::1]:55112 [200]: GET /css/typography.css?v=1
[Wed Jul 22 23:39:18 2026] [::1]:54504 [200]: GET /admin/assets/admin.css?v=25
[Wed Jul 22 23:39:18 2026] [::1]:64675 Accepted
[Wed Jul 22 23:39:18 2026] [::1]:64675 [200]: GET /admin/assets/admin.js?v=25
[Wed Jul 22 23:39:18 2026] [::1]:52240 Closing
[Wed Jul 22 23:39:18 2026] [::1]:55112 Closing
[Wed Jul 22 23:39:18 2026] [::1]:54504 Closing
[Wed Jul 22 23:39:18 2026] [::1]:64675 Closing
[Wed Jul 22 23:39:18 2026] [::1]:59896 Accepted
[Wed Jul 22 23:39:18 2026] [::1]:59896 [200]: GET /admin/assets/hours-view.js?v=25
[Wed Jul 22 23:39:18 2026] [::1]:59896 Closing
[Wed Jul 22 23:39:18 2026] [::1]:64510 Accepted
[Wed Jul 22 23:39:18 2026] [::1]:64510 [200]: GET /admin/api/hours_get.php
[Wed Jul 22 23:39:18 2026] [::1]:64510 Closing
[Wed Jul 22 23:40:17 2026] [::1]:58110 Accepted
[Wed Jul 22 23:40:17 2026] [::1]:58110 [200]: GET /admin/?module=cardapio
[Wed Jul 22 23:40:17 2026] [::1]:58110 Closing
[Wed Jul 22 23:40:17 2026] [::1]:54213 Accepted
[Wed Jul 22 23:40:17 2026] [::1]:54213 [200]: GET /css/tokens.css?v=1
[Wed Jul 22 23:40:17 2026] [::1]:54213 Closing
[Wed Jul 22 23:40:17 2026] [::1]:49711 Accepted
[Wed Jul 22 23:40:17 2026] [::1]:62288 Accepted
[Wed Jul 22 23:40:17 2026] [::1]:58701 Accepted
[Wed Jul 22 23:40:17 2026] [::1]:49711 [200]: GET /css/reset.css?v=1
[Wed Jul 22 23:40:17 2026] [::1]:62288 [200]: GET /css/typography.css?v=1
[Wed Jul 22 23:40:17 2026] [::1]:55010 Accepted
[Wed Jul 22 23:40:17 2026] [::1]:58701 [200]: GET /admin/assets/admin.css?v=25
[Wed Jul 22 23:40:17 2026] [::1]:55010 [200]: GET /admin/assets/admin.js?v=25
[Wed Jul 22 23:40:17 2026] [::1]:49711 Closing
[Wed Jul 22 23:40:17 2026] [::1]:62288 Closing
[Wed Jul 22 23:40:17 2026] [::1]:58701 Closing
[Wed Jul 22 23:40:17 2026] [::1]:55010 Closing
[Wed Jul 22 23:40:17 2026] [::1]:64633 Accepted
[Wed Jul 22 23:40:17 2026] [::1]:64633 [200]: GET /admin/assets/cardapio-view.js?v=25
[Wed Jul 22 23:40:17 2026] [::1]:64633 Closing
[Wed Jul 22 23:40:17 2026] [::1]:60197 Accepted
[Wed Jul 22 23:40:17 2026] [::1]:60197 [200]: GET /admin/api/cardapio_get.php
[Wed Jul 22 23:40:17 2026] [::1]:60197 Closing
[Wed Jul 22 23:45:26 2026] [::1]:60220 Accepted
[Wed Jul 22 23:45:26 2026] [::1]:60220 [200]: GET /admin/?module=cardapio
[Wed Jul 22 23:45:26 2026] [::1]:60220 Closing
[Wed Jul 22 23:45:26 2026] [::1]:60221 Accepted
[Wed Jul 22 23:45:26 2026] [::1]:60221 [200]: GET /admin/?module=cardapio
[Wed Jul 22 23:45:26 2026] [::1]:60221 Closing
[Wed Jul 22 23:46:10 2026] [::1]:60232 Accepted
[Wed Jul 22 23:46:10 2026] [::1]:60232 [200]: GET /admin/api/cardapio_get.php
[Wed Jul 22 23:46:10 2026] [::1]:60232 Closing
[Wed Jul 22 23:46:10 2026] [::1]:60233 Accepted
[Wed Jul 22 23:46:10 2026] [::1]:60233 [200]: POST /admin/api/cardapio_save.php
[Wed Jul 22 23:46:10 2026] [::1]:60233 Closing
[Wed Jul 22 23:46:25 2026] [::1]:60237 Accepted
[Wed Jul 22 23:46:25 2026] [::1]:60237 [200]: GET /
[Wed Jul 22 23:46:25 2026] [::1]:60237 Closing
[Wed Jul 22 23:46:25 2026] [::1]:60238 Accepted
[Wed Jul 22 23:46:25 2026] [::1]:60238 [200]: GET /
[Wed Jul 22 23:46:25 2026] [::1]:60238 Closing
[Wed Jul 22 23:47:26 2026] [::1]:63584 Accepted
[Wed Jul 22 23:47:26 2026] [::1]:63584 [200]: GET /admin/?module=cardapio
[Wed Jul 22 23:47:26 2026] [::1]:63584 Closing
[Wed Jul 22 23:47:26 2026] [::1]:51364 Accepted
[Wed Jul 22 23:47:26 2026] [::1]:51364 [200]: GET /css/tokens.css?v=1
[Wed Jul 22 23:47:26 2026] [::1]:62517 Accepted
[Wed Jul 22 23:47:26 2026] [::1]:51364 Closing
[Wed Jul 22 23:47:26 2026] [::1]:59916 Accepted
[Wed Jul 22 23:47:26 2026] [::1]:49827 Accepted
[Wed Jul 22 23:47:26 2026] [::1]:53778 Accepted
[Wed Jul 22 23:47:26 2026] [::1]:59136 Accepted
[Wed Jul 22 23:47:26 2026] [::1]:62517 [200]: GET /css/reset.css?v=1
[Wed Jul 22 23:47:26 2026] [::1]:59916 [200]: GET /css/typography.css?v=1
[Wed Jul 22 23:47:26 2026] [::1]:49827 [200]: GET /admin/assets/admin.css?v=25
[Wed Jul 22 23:47:26 2026] [::1]:53778 [200]: GET /admin/assets/admin.js?v=25
[Wed Jul 22 23:47:26 2026] [::1]:59136 [200]: GET /admin/assets/cardapio-view.js?v=25
[Wed Jul 22 23:47:26 2026] [::1]:62517 Closing
[Wed Jul 22 23:47:26 2026] [::1]:59916 Closing
[Wed Jul 22 23:47:26 2026] [::1]:49827 Closing
[Wed Jul 22 23:47:26 2026] [::1]:53778 Closing
[Wed Jul 22 23:47:26 2026] [::1]:59136 Closing
[Wed Jul 22 23:47:26 2026] [::1]:52802 Accepted
[Wed Jul 22 23:47:26 2026] [::1]:52802 [200]: GET /admin/api/cardapio_get.php
[Wed Jul 22 23:47:26 2026] [::1]:52802 Closing
[Wed Jul 22 23:47:26 2026] [::1]:51624 Accepted
[Wed Jul 22 23:47:26 2026] [::1]:51624 [404]: GET /favicon.ico - No such file or directory
[Wed Jul 22 23:47:26 2026] [::1]:51624 Closing
[Wed Jul 22 23:47:42 2026] [::1]:56892 Accepted
[Wed Jul 22 23:47:42 2026] [::1]:56892 [200]: GET /admin/?module=imagens
[Wed Jul 22 23:47:42 2026] [::1]:56892 Closing
[Wed Jul 22 23:47:42 2026] [::1]:52875 Accepted
[Wed Jul 22 23:47:42 2026] [::1]:52875 [200]: GET /css/tokens.css?v=1
[Wed Jul 22 23:47:42 2026] [::1]:49171 Accepted
[Wed Jul 22 23:47:42 2026] [::1]:52875 Closing
[Wed Jul 22 23:47:42 2026] [::1]:49675 Accepted
[Wed Jul 22 23:47:42 2026] [::1]:61850 Accepted
[Wed Jul 22 23:47:42 2026] [::1]:49171 [200]: GET /css/reset.css?v=1
[Wed Jul 22 23:47:42 2026] [::1]:49675 [200]: GET /css/typography.css?v=1
[Wed Jul 22 23:47:42 2026] [::1]:61850 [200]: GET /admin/assets/admin.css?v=25
[Wed Jul 22 23:47:42 2026] [::1]:53849 Accepted
[Wed Jul 22 23:47:42 2026] [::1]:53849 [200]: GET /admin/assets/admin.js?v=25
[Wed Jul 22 23:47:42 2026] [::1]:49171 Closing
[Wed Jul 22 23:47:42 2026] [::1]:49675 Closing
[Wed Jul 22 23:47:42 2026] [::1]:61850 Closing
[Wed Jul 22 23:47:42 2026] [::1]:53849 Closing
[Wed Jul 22 23:47:42 2026] [::1]:49752 Accepted
[Wed Jul 22 23:47:42 2026] [::1]:49752 [200]: GET /admin/assets/images-view.js?v=25
[Wed Jul 22 23:47:42 2026] [::1]:49752 Closing
[Wed Jul 22 23:47:42 2026] [::1]:64011 Accepted
[Wed Jul 22 23:47:42 2026] [::1]:64011 [200]: GET /admin/api/images_list.php
[Wed Jul 22 23:47:42 2026] [::1]:64011 Closing
[Wed Jul 22 23:47:42 2026] [::1]:60815 Accepted
[Wed Jul 22 23:47:42 2026] [::1]:51402 Accepted
[Wed Jul 22 23:47:42 2026] [::1]:61103 Accepted
[Wed Jul 22 23:47:42 2026] [::1]:55448 Accepted
[Wed Jul 22 23:47:42 2026] [::1]:60815 [200]: GET /assets/images/thumbs/conjunto.png.thumb.jpg?v=1782268276&r=1782268276
[Wed Jul 22 23:47:42 2026] [::1]:59632 Accepted
[Wed Jul 22 23:47:42 2026] [::1]:51402 [200]: GET /assets/images/thumbs/copa.svg.thumb.svg?v=1782268276&r=1782268276
[Wed Jul 22 23:47:42 2026] [::1]:61103 [200]: GET /assets/images/thumbs/logo.png.thumb.jpg?v=1782268276&r=1782268276
[Wed Jul 22 23:47:42 2026] [::1]:55448 [200]: GET /assets/images/thumbs/marmitex.png.thumb.jpg?v=1782268276&r=1782268276
[Wed Jul 22 23:47:42 2026] [::1]:54105 Accepted
[Wed Jul 22 23:47:42 2026] [::1]:59632 [200]: GET /assets/images/thumbs/mini-pasteis.jpg.thumb.jpg?v=1782268276&r=1782268276
[Wed Jul 22 23:47:42 2026] [::1]:54105 [200]: GET /assets/images/thumbs/quarta-almoco.jpg.thumb.jpg?v=1782268276&r=1782268276
[Wed Jul 22 23:47:42 2026] [::1]:60815 Closing
[Wed Jul 22 23:47:42 2026] [::1]:61103 Closing
[Wed Jul 22 23:47:42 2026] [::1]:55448 Closing
[Wed Jul 22 23:47:42 2026] [::1]:59632 Closing
[Wed Jul 22 23:47:42 2026] [::1]:54105 Closing
[Wed Jul 22 23:47:42 2026] [::1]:61401 Accepted
[Wed Jul 22 23:47:42 2026] [::1]:61401 [200]: GET /assets/images/thumbs/sexta-conquista.jpg.thumb.jpg?v=1782268276&r=1782268276
[Wed Jul 22 23:47:42 2026] [::1]:61401 Closing
[Wed Jul 22 23:47:42 2026] [::1]:51402 Closing
[Wed Jul 22 23:48:04 2026] [::1]:62146 Accepted
[Wed Jul 22 23:48:04 2026] [::1]:62146 [200]: GET /admin/?module=cardapio
[Wed Jul 22 23:48:04 2026] [::1]:62146 Closing
[Wed Jul 22 23:48:04 2026] [::1]:50699 Accepted
[Wed Jul 22 23:48:04 2026] [::1]:50699 [200]: GET /css/tokens.css?v=1
[Wed Jul 22 23:48:04 2026] [::1]:64522 Accepted
[Wed Jul 22 23:48:04 2026] [::1]:50699 Closing
[Wed Jul 22 23:48:04 2026] [::1]:58680 Accepted
[Wed Jul 22 23:48:04 2026] [::1]:56643 Accepted
[Wed Jul 22 23:48:04 2026] [::1]:64522 [200]: GET /css/reset.css?v=1
[Wed Jul 22 23:48:04 2026] [::1]:58680 [200]: GET /css/typography.css?v=1
[Wed Jul 22 23:48:04 2026] [::1]:56643 [200]: GET /admin/assets/admin.css?v=25
[Wed Jul 22 23:48:04 2026] [::1]:62278 Accepted
[Wed Jul 22 23:48:04 2026] [::1]:62278 [200]: GET /admin/assets/admin.js?v=25
[Wed Jul 22 23:48:04 2026] [::1]:64522 Closing
[Wed Jul 22 23:48:04 2026] [::1]:58680 Closing
[Wed Jul 22 23:48:04 2026] [::1]:56643 Closing
[Wed Jul 22 23:48:04 2026] [::1]:62278 Closing
[Wed Jul 22 23:48:04 2026] [::1]:57125 Accepted
[Wed Jul 22 23:48:04 2026] [::1]:57125 [200]: GET /admin/assets/cardapio-view.js?v=25
[Wed Jul 22 23:48:04 2026] [::1]:57125 Closing
[Wed Jul 22 23:48:04 2026] [::1]:51124 Accepted
[Wed Jul 22 23:48:04 2026] [::1]:51124 [200]: GET /admin/api/cardapio_get.php
[Wed Jul 22 23:48:04 2026] [::1]:51124 Closing
[Wed Jul 22 23:48:59 2026] [::1]:49790 Accepted
[Wed Jul 22 23:48:59 2026] [::1]:49790 [200]: POST /admin/api/cardapio_save.php
[Wed Jul 22 23:48:59 2026] [::1]:49790 Closing
[Wed Jul 22 23:48:59 2026] [::1]:58705 Accepted
[Wed Jul 22 23:48:59 2026] [::1]:58705 [200]: GET /data/config.json
[Wed Jul 22 23:48:59 2026] [::1]:58705 Closing
[Wed Jul 22 23:48:59 2026] [::1]:58093 Accepted
[Wed Jul 22 23:48:59 2026] [::1]:49197 Accepted
[Wed Jul 22 23:48:59 2026] [::1]:49793 Accepted
[Wed Jul 22 23:48:59 2026] [::1]:58093 [200]: GET /data/cardapio-sections.json
[Wed Jul 22 23:48:59 2026] [::1]:49197 [200]: GET /data/config.json
[Wed Jul 22 23:48:59 2026] [::1]:49793 [200]: GET /data/cardapio-sections.json
[Wed Jul 22 23:48:59 2026] [::1]:58093 Closing
[Wed Jul 22 23:48:59 2026] [::1]:49197 Closing
[Wed Jul 22 23:48:59 2026] [::1]:49793 Closing
[Wed Jul 22 23:48:59 2026] [::1]:52864 Accepted
[Wed Jul 22 23:48:59 2026] [::1]:52864 [200]: GET /assets/images/logo.png
[Wed Jul 22 23:48:59 2026] [::1]:52864 Closing
[Wed Jul 22 23:49:01 2026] [::1]:57585 Accepted
[Wed Jul 22 23:49:01 2026] [::1]:60405 Accepted
[Wed Jul 22 23:49:01 2026] [::1]:57585 [200]: GET /
[Wed Jul 22 23:49:01 2026] [::1]:57585 Closing
[Wed Jul 22 23:49:01 2026] [::1]:60405 [200]: GET /assets/fonts/fonts.css
[Wed Jul 22 23:49:01 2026] [::1]:60405 Closing
[Wed Jul 22 23:49:01 2026] [::1]:59569 Accepted
[Wed Jul 22 23:49:01 2026] [::1]:50564 Accepted
[Wed Jul 22 23:49:01 2026] [::1]:61985 Accepted
[Wed Jul 22 23:49:01 2026] [::1]:49198 Accepted
[Wed Jul 22 23:49:01 2026] [::1]:58979 Accepted
[Wed Jul 22 23:49:01 2026] [::1]:59569 [200]: GET /css/reset.css
[Wed Jul 22 23:49:01 2026] [::1]:50564 [200]: GET /css/tokens.css
[Wed Jul 22 23:49:01 2026] [::1]:61985 [200]: GET /css/typography.css
[Wed Jul 22 23:49:01 2026] [::1]:49198 [200]: GET /css/components.css
[Wed Jul 22 23:49:01 2026] [::1]:58979 [200]: GET /css/layout.css?v=3
[Wed Jul 22 23:49:01 2026] [::1]:59569 Closing
[Wed Jul 22 23:49:01 2026] [::1]:51203 Accepted
[Wed Jul 22 23:49:01 2026] [::1]:50564 Closing
[Wed Jul 22 23:49:01 2026] [::1]:51203 [200]: GET /css/animations.css
[Wed Jul 22 23:49:01 2026] [::1]:61985 Closing
[Wed Jul 22 23:49:01 2026] [::1]:49198 Closing
[Wed Jul 22 23:49:01 2026] [::1]:58979 Closing
[Wed Jul 22 23:49:01 2026] [::1]:51203 Closing
[Wed Jul 22 23:49:01 2026] [::1]:55176 Accepted
[Wed Jul 22 23:49:01 2026] [::1]:62957 Accepted
[Wed Jul 22 23:49:01 2026] [::1]:55176 [200]: GET /css/cardapio.css
[Wed Jul 22 23:49:01 2026] [::1]:62957 [200]: GET /css/responsive.css
[Wed Jul 22 23:49:01 2026] [::1]:55176 Closing
[Wed Jul 22 23:49:01 2026] [::1]:62957 Closing
[Wed Jul 22 23:49:01 2026] [::1]:53304 Accepted
[Wed Jul 22 23:49:01 2026] [::1]:53963 Accepted
[Wed Jul 22 23:49:01 2026] [::1]:58278 Accepted
[Wed Jul 22 23:49:01 2026] [::1]:52809 Accepted
[Wed Jul 22 23:49:01 2026] [::1]:53304 [200]: GET /js/data.js?v=3
[Wed Jul 22 23:49:01 2026] [::1]:53963 [200]: GET /assets/images/logo.png
[Wed Jul 22 23:49:01 2026] [::1]:58278 [200]: GET /assets/images/conjunto.png
[Wed Jul 22 23:49:01 2026] [::1]:52809 [200]: GET /js/main.js?v=12
[Wed Jul 22 23:49:01 2026] [::1]:53304 Closing
[Wed Jul 22 23:49:01 2026] [::1]:52809 Closing
[Wed Jul 22 23:49:01 2026] [::1]:50282 Accepted
[Wed Jul 22 23:49:01 2026] [::1]:58502 Accepted
[Wed Jul 22 23:49:01 2026] [::1]:50282 [200]: GET /js/cardapio-data.js?v=3
[Wed Jul 22 23:49:01 2026] [::1]:50282 Closing
[Wed Jul 22 23:49:01 2026] [::1]:58502 [200]: GET /js/cardapio-pages.js?v=2
[Wed Jul 22 23:49:01 2026] [::1]:58502 Closing
[Wed Jul 22 23:49:01 2026] [::1]:53646 Accepted
[Wed Jul 22 23:49:01 2026] [::1]:50060 Accepted
[Wed Jul 22 23:49:01 2026] [::1]:53646 [200]: GET /js/cardapio-flip.js?v=2
[Wed Jul 22 23:49:01 2026] [::1]:50060 [200]: GET /js/cardapio.js?v=2
[Wed Jul 22 23:49:01 2026] [::1]:53646 Closing
[Wed Jul 22 23:49:01 2026] [::1]:50060 Closing
[Wed Jul 22 23:49:01 2026] [::1]:53963 Closing
[Wed Jul 22 23:49:01 2026] [::1]:65443 Accepted
[Wed Jul 22 23:49:01 2026] [::1]:52252 Accepted
[Wed Jul 22 23:49:01 2026] [::1]:60567 Accepted
[Wed Jul 22 23:49:01 2026] [::1]:65443 [200]: GET /assets/fonts/playfair-800.woff2
[Wed Jul 22 23:49:01 2026] [::1]:52252 [200]: GET /assets/fonts/inter-800.woff2
[Wed Jul 22 23:49:01 2026] [::1]:60567 [200]: GET /assets/fonts/playfair-regular.woff2
[Wed Jul 22 23:49:01 2026] [::1]:65443 Closing
[Wed Jul 22 23:49:01 2026] [::1]:52252 Closing
[Wed Jul 22 23:49:01 2026] [::1]:60567 Closing
[Wed Jul 22 23:49:01 2026] [::1]:58278 Closing
[Wed Jul 22 23:49:01 2026] [::1]:56708 Accepted
[Wed Jul 22 23:49:01 2026] [::1]:56708 [200]: GET /data/config.json
[Wed Jul 22 23:49:01 2026] [::1]:56708 Closing
[Wed Jul 22 23:49:01 2026] [::1]:49988 Accepted
[Wed Jul 22 23:49:01 2026] [::1]:49988 [200]: GET /assets/fonts/pacifico.woff2
[Wed Jul 22 23:49:01 2026] [::1]:49988 Closing
[Wed Jul 22 23:49:02 2026] [::1]:57374 Accepted
[Wed Jul 22 23:49:02 2026] [::1]:57374 [200]: GET /assets/images/logo.png
[Wed Jul 22 23:49:02 2026] [::1]:57374 Closing
[Wed Jul 22 23:49:02 2026] [::1]:53619 Accepted
[Wed Jul 22 23:49:02 2026] [::1]:64010 Accepted
[Wed Jul 22 23:49:02 2026] [::1]:53619 [200]: GET /assets/images/sexta-conquista.jpg
[Wed Jul 22 23:49:02 2026] [::1]:64010 [200]: GET /assets/images/quarta-almoco.jpg
[Wed Jul 22 23:49:02 2026] [::1]:53619 Closing
[Wed Jul 22 23:49:02 2026] [::1]:64010 Closing
[Wed Jul 22 23:49:02 2026] [::1]:56827 Accepted
[Wed Jul 22 23:49:02 2026] [::1]:56827 [200]: GET /assets/images/mini-pasteis.jpg
[Wed Jul 22 23:49:02 2026] [::1]:56827 Closing
[Wed Jul 22 23:49:06 2026] [::1]:53214 Accepted
[Wed Jul 22 23:49:06 2026] [::1]:53214 [200]: GET /assets/images/marmitex.png
[Wed Jul 22 23:49:06 2026] [::1]:53214 Closing
[Wed Jul 22 23:49:29 2026] [::1]:58569 Accepted
[Wed Jul 22 23:49:29 2026] [::1]:58569 [200]: GET /admin/?module=contato
[Wed Jul 22 23:49:29 2026] [::1]:58569 Closing
[Wed Jul 22 23:49:29 2026] [::1]:62032 Accepted
[Wed Jul 22 23:49:29 2026] [::1]:62032 [200]: GET /css/tokens.css?v=1
[Wed Jul 22 23:49:29 2026] [::1]:63155 Accepted
[Wed Jul 22 23:49:29 2026] [::1]:62032 Closing
[Wed Jul 22 23:49:29 2026] [::1]:52582 Accepted
[Wed Jul 22 23:49:29 2026] [::1]:61537 Accepted
[Wed Jul 22 23:49:29 2026] [::1]:63155 [200]: GET /css/reset.css?v=1
[Wed Jul 22 23:49:29 2026] [::1]:52582 [200]: GET /css/typography.css?v=1
[Wed Jul 22 23:49:29 2026] [::1]:64978 Accepted
[Wed Jul 22 23:49:29 2026] [::1]:60726 Accepted
[Wed Jul 22 23:49:29 2026] [::1]:63155 Closing
[Wed Jul 22 23:49:29 2026] [::1]:52582 Closing
[Wed Jul 22 23:49:29 2026] [::1]:61537 [200]: GET /admin/assets/admin.css?v=25
[Wed Jul 22 23:49:29 2026] [::1]:64978 [200]: GET /admin/assets/admin.js?v=25
[Wed Jul 22 23:49:29 2026] [::1]:60726 [200]: GET /admin/assets/contact-view.js?v=25
[Wed Jul 22 23:49:29 2026] [::1]:61537 Closing
[Wed Jul 22 23:49:29 2026] [::1]:64978 Closing
[Wed Jul 22 23:49:29 2026] [::1]:60726 Closing
[Wed Jul 22 23:49:29 2026] [::1]:58439 Accepted
[Wed Jul 22 23:49:29 2026] [::1]:58439 [200]: GET /admin/api/contact_get.php
[Wed Jul 22 23:49:29 2026] [::1]:58439 Closing
[Wed Jul 22 23:49:29 2026] [::1]:50638 Accepted
[Wed Jul 22 23:49:29 2026] [::1]:50638 [404]: GET /favicon.ico - No such file or directory
[Wed Jul 22 23:49:29 2026] [::1]:50638 Closing
[Wed Jul 22 23:49:34 2026] [::1]:52345 Accepted
[Wed Jul 22 23:49:34 2026] [::1]:52345 [200]: GET /admin/?module=horarios
[Wed Jul 22 23:49:34 2026] [::1]:52345 Closing
[Wed Jul 22 23:49:34 2026] [::1]:58727 Accepted
[Wed Jul 22 23:49:34 2026] [::1]:58727 [200]: GET /css/tokens.css?v=1
[Wed Jul 22 23:49:34 2026] [::1]:58727 Closing
[Wed Jul 22 23:49:34 2026] [::1]:56917 Accepted
[Wed Jul 22 23:49:34 2026] [::1]:63480 Accepted
[Wed Jul 22 23:49:34 2026] [::1]:50119 Accepted
[Wed Jul 22 23:49:34 2026] [::1]:56917 [200]: GET /css/reset.css?v=1
[Wed Jul 22 23:49:34 2026] [::1]:63480 [200]: GET /css/typography.css?v=1
[Wed Jul 22 23:49:34 2026] [::1]:50119 [200]: GET /admin/assets/admin.css?v=25
[Wed Jul 22 23:49:34 2026] [::1]:65523 Accepted
[Wed Jul 22 23:49:34 2026] [::1]:62119 Accepted
[Wed Jul 22 23:49:34 2026] [::1]:56917 Closing
[Wed Jul 22 23:49:34 2026] [::1]:63480 Closing
[Wed Jul 22 23:49:34 2026] [::1]:50119 Closing
[Wed Jul 22 23:49:34 2026] [::1]:65523 [200]: GET /admin/assets/admin.js?v=25
[Wed Jul 22 23:49:34 2026] [::1]:62119 [200]: GET /admin/assets/hours-view.js?v=25
[Wed Jul 22 23:49:34 2026] [::1]:65523 Closing
[Wed Jul 22 23:49:34 2026] [::1]:62119 Closing
[Wed Jul 22 23:49:34 2026] [::1]:49920 Accepted
[Wed Jul 22 23:49:34 2026] [::1]:49920 [200]: GET /admin/api/hours_get.php
[Wed Jul 22 23:49:34 2026] [::1]:49920 Closing
[Wed Jul 22 23:49:44 2026] [::1]:55409 Accepted
[Wed Jul 22 23:49:44 2026] [::1]:55409 [200]: GET /admin/?module=cardapio
[Wed Jul 22 23:49:44 2026] [::1]:55409 Closing
[Wed Jul 22 23:49:44 2026] [::1]:50118 Accepted
[Wed Jul 22 23:49:44 2026] [::1]:50118 [200]: GET /css/tokens.css?v=1
[Wed Jul 22 23:49:44 2026] [::1]:50118 Closing
[Wed Jul 22 23:49:44 2026] [::1]:56330 Accepted
[Wed Jul 22 23:49:44 2026] [::1]:50743 Accepted
[Wed Jul 22 23:49:44 2026] [::1]:56344 Accepted
[Wed Jul 22 23:49:44 2026] [::1]:56330 [200]: GET /css/reset.css?v=1
[Wed Jul 22 23:49:44 2026] [::1]:50743 [200]: GET /css/typography.css?v=1
[Wed Jul 22 23:49:44 2026] [::1]:56344 [200]: GET /admin/assets/admin.css?v=25
[Wed Jul 22 23:49:44 2026] [::1]:51031 Accepted
[Wed Jul 22 23:49:44 2026] [::1]:56330 Closing
[Wed Jul 22 23:49:44 2026] [::1]:51768 Accepted
[Wed Jul 22 23:49:44 2026] [::1]:50743 Closing
[Wed Jul 22 23:49:44 2026] [::1]:56344 Closing
[Wed Jul 22 23:49:44 2026] [::1]:51031 [200]: GET /admin/assets/admin.js?v=25
[Wed Jul 22 23:49:44 2026] [::1]:51768 [200]: GET /admin/assets/cardapio-view.js?v=25
[Wed Jul 22 23:49:44 2026] [::1]:51031 Closing
[Wed Jul 22 23:49:44 2026] [::1]:51768 Closing
[Wed Jul 22 23:49:44 2026] [::1]:56992 Accepted
[Wed Jul 22 23:49:44 2026] [::1]:56992 [200]: GET /admin/api/cardapio_get.php
[Wed Jul 22 23:49:44 2026] [::1]:56992 Closing
[Wed Jul 22 23:49:46 2026] [::1]:58748 Accepted
[Wed Jul 22 23:49:46 2026] [::1]:58748 [200]: GET /admin/?module=imagens
[Wed Jul 22 23:49:46 2026] [::1]:58748 Closing
[Wed Jul 22 23:49:46 2026] [::1]:58308 Accepted
[Wed Jul 22 23:49:46 2026] [::1]:58308 [200]: GET /css/tokens.css?v=1
[Wed Jul 22 23:49:46 2026] [::1]:56700 Accepted
[Wed Jul 22 23:49:46 2026] [::1]:58308 Closing
[Wed Jul 22 23:49:46 2026] [::1]:52943 Accepted
[Wed Jul 22 23:49:46 2026] [::1]:54302 Accepted
[Wed Jul 22 23:49:46 2026] [::1]:56700 [200]: GET /css/reset.css?v=1
[Wed Jul 22 23:49:46 2026] [::1]:52943 [200]: GET /css/typography.css?v=1
[Wed Jul 22 23:49:46 2026] [::1]:54302 [200]: GET /admin/assets/admin.css?v=25
[Wed Jul 22 23:49:46 2026] [::1]:54958 Accepted
[Wed Jul 22 23:49:46 2026] [::1]:49671 Accepted
[Wed Jul 22 23:49:46 2026] [::1]:56700 Closing
[Wed Jul 22 23:49:46 2026] [::1]:54958 [200]: GET /admin/assets/admin.js?v=25
[Wed Jul 22 23:49:46 2026] [::1]:49671 [200]: GET /admin/assets/images-view.js?v=25
[Wed Jul 22 23:49:46 2026] [::1]:52943 Closing
[Wed Jul 22 23:49:46 2026] [::1]:54302 Closing
[Wed Jul 22 23:49:46 2026] [::1]:54958 Closing
[Wed Jul 22 23:49:46 2026] [::1]:49671 Closing
[Wed Jul 22 23:49:46 2026] [::1]:50066 Accepted
[Wed Jul 22 23:49:46 2026] [::1]:50066 [200]: GET /admin/api/images_list.php
[Wed Jul 22 23:49:46 2026] [::1]:50066 Closing
[Wed Jul 22 23:49:46 2026] [::1]:49310 Accepted
[Wed Jul 22 23:49:46 2026] [::1]:59247 Accepted
[Wed Jul 22 23:49:46 2026] [::1]:52904 Accepted
[Wed Jul 22 23:49:46 2026] [::1]:63481 Accepted
[Wed Jul 22 23:49:46 2026] [::1]:49310 [200]: GET /assets/images/thumbs/conjunto.png.thumb.jpg?v=1782268276&r=1782268276
[Wed Jul 22 23:49:46 2026] [::1]:59247 [200]: GET /assets/images/thumbs/copa.svg.thumb.svg?v=1782268276&r=1782268276
[Wed Jul 22 23:49:46 2026] [::1]:52904 [200]: GET /assets/images/thumbs/logo.png.thumb.jpg?v=1782268276&r=1782268276
[Wed Jul 22 23:49:46 2026] [::1]:63481 [200]: GET /assets/images/thumbs/marmitex.png.thumb.jpg?v=1782268276&r=1782268276
[Wed Jul 22 23:49:46 2026] [::1]:56665 Accepted
[Wed Jul 22 23:49:46 2026] [::1]:49957 Accepted
[Wed Jul 22 23:49:46 2026] [::1]:56665 [200]: GET /assets/images/thumbs/mini-pasteis.jpg.thumb.jpg?v=1782268276&r=1782268276
[Wed Jul 22 23:49:46 2026] [::1]:49310 Closing
[Wed Jul 22 23:49:46 2026] [::1]:49957 [200]: GET /assets/images/thumbs/quarta-almoco.jpg.thumb.jpg?v=1782268276&r=1782268276
[Wed Jul 22 23:49:46 2026] [::1]:52904 Closing
[Wed Jul 22 23:49:46 2026] [::1]:63481 Closing
[Wed Jul 22 23:49:46 2026] [::1]:56665 Closing
[Wed Jul 22 23:49:46 2026] [::1]:49957 Closing
[Wed Jul 22 23:49:46 2026] [::1]:54117 Accepted
[Wed Jul 22 23:49:46 2026] [::1]:54117 [200]: GET /assets/images/thumbs/sexta-conquista.jpg.thumb.jpg?v=1782268276&r=1782268276
[Wed Jul 22 23:49:46 2026] [::1]:54117 Closing
[Wed Jul 22 23:49:46 2026] [::1]:59247 Closing
[Wed Jul 22 23:50:24 2026] [::1]:64675 Accepted
[Wed Jul 22 23:50:24 2026] [::1]:64675 [200]: GET /admin/api/image_serve.php?f=conjunto.png&t=full&v=1782268276&r=1782268276
[Wed Jul 22 23:50:24 2026] [::1]:64675 Closing
[Wed Jul 22 23:50:31 2026] [::1]:63093 Accepted
[Wed Jul 22 23:51:13 2026] [::1]:63093 [404]: GET /admin/api/images_shot.php?f=conjunto.png&line=147&r=1782268276
[Wed Jul 22 23:51:13 2026] [::1]:63093 Closing
[Wed Jul 22 23:51:13 2026] [::1]:51210 Accepted
[Wed Jul 22 23:51:13 2026] [::1]:50519 Accepted
[Wed Jul 22 23:51:13 2026] [::1]:51210 [200]: GET /admin/?module=cardapio
[Wed Jul 22 23:51:13 2026] [::1]:51210 Closing
[Wed Jul 22 23:51:13 2026] [::1]:58172 Accepted
[Wed Jul 22 23:51:13 2026] [::1]:50519 [200]: GET /admin/?module=cardapio
[Wed Jul 22 23:51:13 2026] [::1]:50519 Closing
[Wed Jul 22 23:51:13 2026] [::1]:49915 Accepted
[Wed Jul 22 23:51:13 2026] [::1]:58172 [200]: GET /admin/?module=cardapio
[Wed Jul 22 23:51:13 2026] [::1]:58172 Closing
[Wed Jul 22 23:51:13 2026] [::1]:49915 [200]: GET /css/tokens.css?v=1
[Wed Jul 22 23:51:13 2026] [::1]:49915 Closing
[Wed Jul 22 23:51:13 2026] [::1]:52320 Accepted
[Wed Jul 22 23:51:13 2026] [::1]:61493 Accepted
[Wed Jul 22 23:51:13 2026] [::1]:62547 Accepted
[Wed Jul 22 23:51:13 2026] [::1]:52320 [200]: GET /css/reset.css?v=1
[Wed Jul 22 23:51:13 2026] [::1]:61493 [200]: GET /css/typography.css?v=1
[Wed Jul 22 23:51:13 2026] [::1]:62547 [200]: GET /admin/assets/admin.css?v=25
[Wed Jul 22 23:51:13 2026] [::1]:58709 Accepted
[Wed Jul 22 23:51:13 2026] [::1]:52320 Closing
[Wed Jul 22 23:51:13 2026] [::1]:58709 [200]: GET /admin/assets/admin.js?v=25
[Wed Jul 22 23:51:13 2026] [::1]:61493 Closing
[Wed Jul 22 23:51:13 2026] [::1]:62547 Closing
[Wed Jul 22 23:51:13 2026] [::1]:58709 Closing
[Wed Jul 22 23:51:13 2026] [::1]:63673 Accepted
[Wed Jul 22 23:51:13 2026] [::1]:63673 [200]: GET /admin/assets/cardapio-view.js?v=25
[Wed Jul 22 23:51:13 2026] [::1]:63673 Closing
[Wed Jul 22 23:51:13 2026] [::1]:51567 Accepted
[Wed Jul 22 23:51:13 2026] [::1]:51567 [200]: GET /admin/api/cardapio_get.php
[Wed Jul 22 23:51:13 2026] [::1]:51567 Closing
[Wed Jul 22 23:51:26 2026] [::1]:63601 Accepted
[Wed Jul 22 23:51:26 2026] [::1]:63601 [200]: GET /admin/?module=horarios
[Wed Jul 22 23:51:26 2026] [::1]:63601 Closing
[Wed Jul 22 23:51:26 2026] [::1]:49291 Accepted
[Wed Jul 22 23:51:26 2026] [::1]:49291 [200]: GET /css/tokens.css?v=1
[Wed Jul 22 23:51:26 2026] [::1]:49291 Closing
[Wed Jul 22 23:51:26 2026] [::1]:51221 Accepted
[Wed Jul 22 23:51:26 2026] [::1]:50911 Accepted
[Wed Jul 22 23:51:26 2026] [::1]:50926 Accepted
[Wed Jul 22 23:51:26 2026] [::1]:51221 [200]: GET /css/reset.css?v=1
[Wed Jul 22 23:51:26 2026] [::1]:50911 [200]: GET /css/typography.css?v=1
[Wed Jul 22 23:51:26 2026] [::1]:50926 [200]: GET /admin/assets/admin.css?v=25
[Wed Jul 22 23:51:26 2026] [::1]:51551 Accepted
[Wed Jul 22 23:51:26 2026] [::1]:51551 [200]: GET /admin/assets/admin.js?v=25
[Wed Jul 22 23:51:26 2026] [::1]:51221 Closing
[Wed Jul 22 23:51:26 2026] [::1]:50911 Closing
[Wed Jul 22 23:51:26 2026] [::1]:50926 Closing
[Wed Jul 22 23:51:26 2026] [::1]:51551 Closing
[Wed Jul 22 23:51:26 2026] [::1]:63867 Accepted
[Wed Jul 22 23:51:26 2026] [::1]:63867 [200]: GET /admin/assets/hours-view.js?v=25
[Wed Jul 22 23:51:26 2026] [::1]:63867 Closing
[Wed Jul 22 23:51:26 2026] [::1]:60423 Accepted
[Wed Jul 22 23:51:26 2026] [::1]:60423 [200]: GET /admin/api/hours_get.php
[Wed Jul 22 23:51:26 2026] [::1]:60423 Closing
[Wed Jul 22 23:51:43 2026] [::1]:63399 Accepted
[Wed Jul 22 23:51:44 2026] [::1]:63399 [200]: GET /admin/?module=contato
[Wed Jul 22 23:51:44 2026] [::1]:63399 Closing
[Wed Jul 22 23:51:44 2026] [::1]:65494 Accepted
[Wed Jul 22 23:51:44 2026] [::1]:65494 [200]: GET /css/tokens.css?v=1
[Wed Jul 22 23:51:44 2026] [::1]:65494 Closing
[Wed Jul 22 23:51:44 2026] [::1]:60512 Accepted
[Wed Jul 22 23:51:44 2026] [::1]:53689 Accepted
[Wed Jul 22 23:51:44 2026] [::1]:49974 Accepted
[Wed Jul 22 23:51:44 2026] [::1]:60512 [200]: GET /css/reset.css?v=1
[Wed Jul 22 23:51:44 2026] [::1]:53689 [200]: GET /css/typography.css?v=1
[Wed Jul 22 23:51:44 2026] [::1]:49974 [200]: GET /admin/assets/admin.css?v=25
[Wed Jul 22 23:51:44 2026] [::1]:60213 Accepted
[Wed Jul 22 23:51:44 2026] [::1]:59832 Accepted
[Wed Jul 22 23:51:44 2026] [::1]:60512 Closing
[Wed Jul 22 23:51:44 2026] [::1]:60213 [200]: GET /admin/assets/admin.js?v=25
[Wed Jul 22 23:51:44 2026] [::1]:59832 [200]: GET /admin/assets/contact-view.js?v=25
[Wed Jul 22 23:51:44 2026] [::1]:53689 Closing
[Wed Jul 22 23:51:44 2026] [::1]:49974 Closing
[Wed Jul 22 23:51:44 2026] [::1]:60213 Closing
[Wed Jul 22 23:51:44 2026] [::1]:59832 Closing
[Wed Jul 22 23:51:44 2026] [::1]:49686 Accepted
[Wed Jul 22 23:51:44 2026] [::1]:49686 [200]: GET /admin/api/contact_get.php
[Wed Jul 22 23:51:44 2026] [::1]:49686 Closing
[Wed Jul 22 23:51:54 2026] [::1]:57734 Accepted
[Wed Jul 22 23:51:54 2026] [::1]:57734 [200]: GET /admin/?module=cardapio
[Wed Jul 22 23:51:54 2026] [::1]:57734 Closing
[Wed Jul 22 23:51:54 2026] [::1]:59863 Accepted
[Wed Jul 22 23:51:54 2026] [::1]:59863 [200]: GET /css/tokens.css?v=1
[Wed Jul 22 23:51:54 2026] [::1]:59863 Closing
[Wed Jul 22 23:51:54 2026] [::1]:55055 Accepted
[Wed Jul 22 23:51:54 2026] [::1]:53293 Accepted
[Wed Jul 22 23:51:54 2026] [::1]:62253 Accepted
[Wed Jul 22 23:51:54 2026] [::1]:55055 [200]: GET /css/reset.css?v=1
[Wed Jul 22 23:51:54 2026] [::1]:53293 [200]: GET /css/typography.css?v=1
[Wed Jul 22 23:51:54 2026] [::1]:62253 [200]: GET /admin/assets/admin.css?v=25
[Wed Jul 22 23:51:54 2026] [::1]:51971 Accepted
[Wed Jul 22 23:51:54 2026] [::1]:55055 Closing
[Wed Jul 22 23:51:54 2026] [::1]:53293 Closing
[Wed Jul 22 23:51:54 2026] [::1]:62253 Closing
[Wed Jul 22 23:51:54 2026] [::1]:51971 [200]: GET /admin/assets/admin.js?v=25
[Wed Jul 22 23:51:54 2026] [::1]:51971 Closing
[Wed Jul 22 23:51:54 2026] [::1]:57522 Accepted
[Wed Jul 22 23:51:54 2026] [::1]:57522 [200]: GET /admin/assets/cardapio-view.js?v=25
[Wed Jul 22 23:51:54 2026] [::1]:57522 Closing
[Wed Jul 22 23:51:54 2026] [::1]:61833 Accepted
[Wed Jul 22 23:51:54 2026] [::1]:61833 [200]: GET /admin/api/cardapio_get.php
[Wed Jul 22 23:51:54 2026] [::1]:61833 Closing
[Wed Jul 22 23:52:43 2026] [::1]:61834 Accepted
[Wed Jul 22 23:52:43 2026] [::1]:61834 [200]: GET /data/config.json
[Wed Jul 22 23:52:43 2026] [::1]:61834 Closing
[Wed Jul 22 23:52:43 2026] [::1]:61835 Accepted
[Wed Jul 22 23:52:43 2026] [::1]:61835 [200]: GET /data/cardapio-sections.json
[Wed Jul 22 23:52:43 2026] [::1]:61835 Closing
[Wed Jul 22 23:53:29 2026] [::1]:53129 Accepted
[Wed Jul 22 23:53:29 2026] [::1]:53129 [200]: GET /assets/images/copa.svg
[Wed Jul 22 23:53:29 2026] [::1]:53129 Closing
[Wed Jul 22 23:54:11 2026] [::1]:53703 Accepted
[Wed Jul 22 23:54:11 2026] [::1]:53703 [200]: GET /admin/?module=imagens
[Wed Jul 22 23:54:11 2026] [::1]:53703 Closing
[Wed Jul 22 23:54:11 2026] [::1]:64609 Accepted
[Wed Jul 22 23:54:11 2026] [::1]:64609 [200]: GET /css/tokens.css?v=1
[Wed Jul 22 23:54:11 2026] [::1]:64609 Closing
[Wed Jul 22 23:54:11 2026] [::1]:64589 Accepted
[Wed Jul 22 23:54:11 2026] [::1]:52407 Accepted
[Wed Jul 22 23:54:11 2026] [::1]:56303 Accepted
[Wed Jul 22 23:54:11 2026] [::1]:64589 [200]: GET /css/reset.css?v=1
[Wed Jul 22 23:54:11 2026] [::1]:52407 [200]: GET /css/typography.css?v=1
[Wed Jul 22 23:54:11 2026] [::1]:56303 [200]: GET /admin/assets/admin.css?v=25
[Wed Jul 22 23:54:11 2026] [::1]:64124 Accepted
[Wed Jul 22 23:54:11 2026] [::1]:64589 Closing
[Wed Jul 22 23:54:11 2026] [::1]:52407 Closing
[Wed Jul 22 23:54:11 2026] [::1]:56303 Closing
[Wed Jul 22 23:54:11 2026] [::1]:64124 [200]: GET /admin/assets/admin.js?v=25
[Wed Jul 22 23:54:11 2026] [::1]:64124 Closing
[Wed Jul 22 23:54:11 2026] [::1]:52815 Accepted
[Wed Jul 22 23:54:11 2026] [::1]:52815 [200]: GET /admin/assets/images-view.js?v=25
[Wed Jul 22 23:54:11 2026] [::1]:52815 Closing
[Wed Jul 22 23:54:11 2026] [::1]:58719 Accepted
[Wed Jul 22 23:54:11 2026] [::1]:58719 [200]: GET /admin/api/images_list.php
[Wed Jul 22 23:54:11 2026] [::1]:58719 Closing
[Wed Jul 22 23:54:11 2026] [::1]:51525 Accepted
[Wed Jul 22 23:54:11 2026] [::1]:57654 Accepted
[Wed Jul 22 23:54:11 2026] [::1]:49987 Accepted
[Wed Jul 22 23:54:11 2026] [::1]:53922 Accepted
[Wed Jul 22 23:54:11 2026] [::1]:51525 [200]: GET /assets/images/thumbs/conjunto.png.thumb.jpg?v=1782268276&r=1782268276
[Wed Jul 22 23:54:11 2026] [::1]:57654 [200]: GET /assets/images/thumbs/copa.svg.thumb.svg?v=1782268276&r=1782268276
[Wed Jul 22 23:54:11 2026] [::1]:49987 [200]: GET /assets/images/thumbs/logo.png.thumb.jpg?v=1782268276&r=1782268276
[Wed Jul 22 23:54:11 2026] [::1]:53922 [200]: GET /assets/images/thumbs/marmitex.png.thumb.jpg?v=1782268276&r=1782268276
[Wed Jul 22 23:54:11 2026] [::1]:63898 Accepted
[Wed Jul 22 23:54:11 2026] [::1]:50751 Accepted
[Wed Jul 22 23:54:11 2026] [::1]:63898 [200]: GET /assets/images/thumbs/mini-pasteis.jpg.thumb.jpg?v=1782268276&r=1782268276
[Wed Jul 22 23:54:11 2026] [::1]:51525 Closing
[Wed Jul 22 23:54:11 2026] [::1]:50751 [200]: GET /assets/images/thumbs/quarta-almoco.jpg.thumb.jpg?v=1782268276&r=1782268276
[Wed Jul 22 23:54:11 2026] [::1]:49987 Closing
[Wed Jul 22 23:54:11 2026] [::1]:53922 Closing
[Wed Jul 22 23:54:11 2026] [::1]:63898 Closing
[Wed Jul 22 23:54:11 2026] [::1]:50751 Closing
[Wed Jul 22 23:54:11 2026] [::1]:52124 Accepted
[Wed Jul 22 23:54:11 2026] [::1]:52124 [200]: GET /assets/images/thumbs/sexta-conquista.jpg.thumb.jpg?v=1782268276&r=1782268276
[Wed Jul 22 23:54:11 2026] [::1]:52124 Closing
[Wed Jul 22 23:54:11 2026] [::1]:57654 Closing
[Wed Jul 22 23:54:15 2026] [::1]:55998 Accepted
[Wed Jul 22 23:54:15 2026] [::1]:55998 [200]: GET /admin/api/image_serve.php?f=conjunto.png&t=full&v=1782268276&r=1782268276
[Wed Jul 22 23:54:15 2026] [::1]:55998 Closing
[Wed Jul 22 23:54:18 2026] [::1]:56000 Accepted
[Wed Jul 22 23:54:18 2026] [::1]:56000 [200]: GET /data/cardapio-sections.json
[Wed Jul 22 23:54:18 2026] [::1]:56000 Closing
[Wed Jul 22 23:54:18 2026] [::1]:56001 Accepted
[Wed Jul 22 23:54:18 2026] [::1]:56001 [200]: GET /data/config.json
[Wed Jul 22 23:54:18 2026] [::1]:56001 Closing
[Wed Jul 22 23:54:21 2026] [::1]:54767 Accepted
[Wed Jul 22 23:54:21 2026] [::1]:54767 [200]: GET /admin/?module=cardapio
[Wed Jul 22 23:54:21 2026] [::1]:54767 Closing
[Wed Jul 22 23:54:21 2026] [::1]:54151 Accepted
[Wed Jul 22 23:54:22 2026] [::1]:54151 [200]: GET /css/tokens.css?v=1
[Wed Jul 22 23:54:22 2026] [::1]:54151 Closing
[Wed Jul 22 23:54:22 2026] [::1]:60810 Accepted
[Wed Jul 22 23:54:22 2026] [::1]:60450 Accepted
[Wed Jul 22 23:54:22 2026] [::1]:63933 Accepted
[Wed Jul 22 23:54:22 2026] [::1]:60810 [200]: GET /css/reset.css?v=1
[Wed Jul 22 23:54:22 2026] [::1]:60450 [200]: GET /css/typography.css?v=1
[Wed Jul 22 23:54:22 2026] [::1]:63933 [200]: GET /admin/assets/admin.css?v=25
[Wed Jul 22 23:54:22 2026] [::1]:53315 Accepted
[Wed Jul 22 23:54:22 2026] [::1]:65035 Accepted
[Wed Jul 22 23:54:22 2026] [::1]:60810 Closing
[Wed Jul 22 23:54:22 2026] [::1]:60450 Closing
[Wed Jul 22 23:54:22 2026] [::1]:63933 Closing
[Wed Jul 22 23:54:22 2026] [::1]:53315 [200]: GET /admin/assets/admin.js?v=25
[Wed Jul 22 23:54:22 2026] [::1]:65035 [200]: GET /admin/assets/cardapio-view.js?v=25
[Wed Jul 22 23:54:22 2026] [::1]:53315 Closing
[Wed Jul 22 23:54:22 2026] [::1]:65035 Closing
[Wed Jul 22 23:54:22 2026] [::1]:53466 Accepted
[Wed Jul 22 23:54:22 2026] [::1]:53466 [200]: GET /admin/api/cardapio_get.php
[Wed Jul 22 23:54:22 2026] [::1]:53466 Closing
[Wed Jul 22 23:54:22 2026] [::1]:57735 Accepted
[Wed Jul 22 23:54:23 2026] [::1]:57735 [200]: GET /admin/?module=imagens
[Wed Jul 22 23:54:23 2026] [::1]:57735 Closing
[Wed Jul 22 23:54:23 2026] [::1]:57933 Accepted
[Wed Jul 22 23:54:23 2026] [::1]:57933 [200]: GET /css/tokens.css?v=1
[Wed Jul 22 23:54:23 2026] [::1]:57933 Closing
[Wed Jul 22 23:54:23 2026] [::1]:64303 Accepted
[Wed Jul 22 23:54:23 2026] [::1]:55324 Accepted
[Wed Jul 22 23:54:23 2026] [::1]:56482 Accepted
[Wed Jul 22 23:54:23 2026] [::1]:64303 [200]: GET /css/reset.css?v=1
[Wed Jul 22 23:54:23 2026] [::1]:55324 [200]: GET /css/typography.css?v=1
[Wed Jul 22 23:54:23 2026] [::1]:56482 [200]: GET /admin/assets/admin.css?v=25
[Wed Jul 22 23:54:23 2026] [::1]:54553 Accepted
[Wed Jul 22 23:54:23 2026] [::1]:64303 Closing
[Wed Jul 22 23:54:23 2026] [::1]:55324 Closing
[Wed Jul 22 23:54:23 2026] [::1]:56482 Closing
[Wed Jul 22 23:54:23 2026] [::1]:54553 [200]: GET /admin/assets/admin.js?v=25
[Wed Jul 22 23:54:23 2026] [::1]:54553 Closing
[Wed Jul 22 23:54:23 2026] [::1]:56348 Accepted
[Wed Jul 22 23:54:23 2026] [::1]:56348 [200]: GET /admin/assets/images-view.js?v=25
[Wed Jul 22 23:54:23 2026] [::1]:56348 Closing
[Wed Jul 22 23:54:23 2026] [::1]:51926 Accepted
[Wed Jul 22 23:54:23 2026] [::1]:51926 [200]: GET /admin/api/images_list.php
[Wed Jul 22 23:54:23 2026] [::1]:51926 Closing
[Wed Jul 22 23:54:23 2026] [::1]:55192 Accepted
[Wed Jul 22 23:54:23 2026] [::1]:63729 Accepted
[Wed Jul 22 23:54:23 2026] [::1]:53085 Accepted
[Wed Jul 22 23:54:23 2026] [::1]:62128 Accepted
[Wed Jul 22 23:54:23 2026] [::1]:55192 [200]: GET /assets/images/thumbs/conjunto.png.thumb.jpg?v=1782268276&r=1782268276
[Wed Jul 22 23:54:23 2026] [::1]:63729 [200]: GET /assets/images/thumbs/copa.svg.thumb.svg?v=1782268276&r=1782268276
[Wed Jul 22 23:54:23 2026] [::1]:53085 [200]: GET /assets/images/thumbs/logo.png.thumb.jpg?v=1782268276&r=1782268276
[Wed Jul 22 23:54:23 2026] [::1]:62128 [200]: GET /assets/images/thumbs/marmitex.png.thumb.jpg?v=1782268276&r=1782268276
[Wed Jul 22 23:54:23 2026] [::1]:58407 Accepted
[Wed Jul 22 23:54:23 2026] [::1]:50153 Accepted
[Wed Jul 22 23:54:23 2026] [::1]:55192 Closing
[Wed Jul 22 23:54:23 2026] [::1]:58407 [200]: GET /assets/images/thumbs/mini-pasteis.jpg.thumb.jpg?v=1782268276&r=1782268276
[Wed Jul 22 23:54:23 2026] [::1]:50153 [200]: GET /assets/images/thumbs/quarta-almoco.jpg.thumb.jpg?v=1782268276&r=1782268276
[Wed Jul 22 23:54:23 2026] [::1]:53085 Closing
[Wed Jul 22 23:54:23 2026] [::1]:62128 Closing
[Wed Jul 22 23:54:23 2026] [::1]:58407 Closing
[Wed Jul 22 23:54:23 2026] [::1]:50153 Closing
[Wed Jul 22 23:54:23 2026] [::1]:64522 Accepted
[Wed Jul 22 23:54:23 2026] [::1]:64522 [200]: GET /assets/images/thumbs/sexta-conquista.jpg.thumb.jpg?v=1782268276&r=1782268276
[Wed Jul 22 23:54:23 2026] [::1]:64522 Closing
[Wed Jul 22 23:54:23 2026] [::1]:63729 Closing
[Wed Jul 22 23:54:25 2026] [::1]:53136 Accepted
[Wed Jul 22 23:54:25 2026] [::1]:53136 [200]: GET /admin/api/image_serve.php?f=conjunto.png&t=full&v=1782268276&r=1782268276
[Wed Jul 22 23:54:25 2026] [::1]:53136 Closing
[Wed Jul 22 23:54:44 2026] [::1]:50935 Accepted
[Wed Jul 22 23:54:44 2026] [::1]:50935 [200]: GET /admin/?module=cardapio
[Wed Jul 22 23:54:44 2026] [::1]:50935 Closing
[Wed Jul 22 23:54:44 2026] [::1]:60598 Accepted
[Wed Jul 22 23:54:44 2026] [::1]:60598 [200]: GET /css/tokens.css?v=1
[Wed Jul 22 23:54:44 2026] [::1]:60598 Closing
[Wed Jul 22 23:54:44 2026] [::1]:59730 Accepted
[Wed Jul 22 23:54:44 2026] [::1]:59730 [200]: GET /css/reset.css?v=1
[Wed Jul 22 23:54:44 2026] [::1]:55788 Accepted
[Wed Jul 22 23:54:44 2026] [::1]:59730 Closing
[Wed Jul 22 23:54:44 2026] [::1]:61449 Accepted
[Wed Jul 22 23:54:44 2026] [::1]:55788 [200]: GET /css/typography.css?v=1
[Wed Jul 22 23:54:44 2026] [::1]:61449 [200]: GET /admin/assets/admin.css?v=25
[Wed Jul 22 23:54:44 2026] [::1]:55788 Closing
[Wed Jul 22 23:54:44 2026] [::1]:61449 Closing
[Wed Jul 22 23:54:44 2026] [::1]:59675 Accepted
[Wed Jul 22 23:54:44 2026] [::1]:65462 Accepted
[Wed Jul 22 23:54:44 2026] [::1]:59675 [200]: GET /admin/assets/admin.js?v=25
[Wed Jul 22 23:54:44 2026] [::1]:65462 [200]: GET /admin/assets/cardapio-view.js?v=25
[Wed Jul 22 23:54:44 2026] [::1]:59675 Closing
[Wed Jul 22 23:54:44 2026] [::1]:65462 Closing
[Wed Jul 22 23:54:44 2026] [::1]:64572 Accepted
[Wed Jul 22 23:54:44 2026] [::1]:64572 [200]: GET /admin/api/cardapio_get.php
[Wed Jul 22 23:54:44 2026] [::1]:64572 Closing
[Wed Jul 22 23:57:41 2026] [::1]:64595 Accepted
[Wed Jul 22 23:57:41 2026] [::1]:64595 [200]: GET /admin/api/cardapio_get.php
[Wed Jul 22 23:57:41 2026] [::1]:64595 Closing
[Wed Jul 22 23:57:41 2026] [::1]:64596 Accepted
[Wed Jul 22 23:57:41 2026] [::1]:64596 [200]: POST /admin/api/cardapio_save.php
[Wed Jul 22 23:57:41 2026] [::1]:64596 Closing
[Wed Jul 22 23:57:55 2026] [::1]:54080 Accepted
[Wed Jul 22 23:57:55 2026] [::1]:54080 [200]: GET /admin/?module=cardapio
[Wed Jul 22 23:57:55 2026] [::1]:54080 Closing
[Wed Jul 22 23:57:55 2026] [::1]:53955 Accepted
[Wed Jul 22 23:57:55 2026] [::1]:53955 [200]: GET /css/tokens.css?v=1
[Wed Jul 22 23:57:55 2026] [::1]:53955 Closing
[Wed Jul 22 23:57:55 2026] [::1]:65024 Accepted
[Wed Jul 22 23:57:55 2026] [::1]:49671 Accepted
[Wed Jul 22 23:57:55 2026] [::1]:58343 Accepted
[Wed Jul 22 23:57:55 2026] [::1]:57446 Accepted
[Wed Jul 22 23:57:55 2026] [::1]:59075 Accepted
[Wed Jul 22 23:57:55 2026] [::1]:65024 [200]: GET /css/reset.css?v=1
[Wed Jul 22 23:57:55 2026] [::1]:49671 [200]: GET /css/typography.css?v=1
[Wed Jul 22 23:57:55 2026] [::1]:58343 [200]: GET /admin/assets/admin.css?v=25
[Wed Jul 22 23:57:55 2026] [::1]:57446 [200]: GET /admin/assets/admin.js?v=25
[Wed Jul 22 23:57:55 2026] [::1]:59075 [200]: GET /admin/assets/cardapio-view.js?v=25
[Wed Jul 22 23:57:55 2026] [::1]:65024 Closing
[Wed Jul 22 23:57:55 2026] [::1]:49671 Closing
[Wed Jul 22 23:57:55 2026] [::1]:58343 Closing
[Wed Jul 22 23:57:55 2026] [::1]:57446 Closing
[Wed Jul 22 23:57:55 2026] [::1]:59075 Closing
[Wed Jul 22 23:57:55 2026] [::1]:49798 Accepted
[Wed Jul 22 23:57:55 2026] [::1]:49798 [200]: GET /admin/api/cardapio_get.php
[Wed Jul 22 23:57:55 2026] [::1]:49798 Closing
[Wed Jul 22 23:57:55 2026] [::1]:53088 Accepted
[Wed Jul 22 23:57:55 2026] [::1]:53088 [404]: GET /favicon.ico - No such file or directory
[Wed Jul 22 23:57:55 2026] [::1]:53088 Closing
[Wed Jul 22 23:58:11 2026] [::1]:56384 Accepted
[Wed Jul 22 23:58:11 2026] [::1]:60311 Accepted
[Wed Jul 22 23:58:11 2026] [::1]:56384 [200]: GET /
[Wed Jul 22 23:58:11 2026] [::1]:56384 Closing
[Wed Jul 22 23:58:11 2026] [::1]:60311 [200]: GET /assets/fonts/fonts.css
[Wed Jul 22 23:58:11 2026] [::1]:60311 Closing
[Wed Jul 22 23:58:11 2026] [::1]:64014 Accepted
[Wed Jul 22 23:58:11 2026] [::1]:63154 Accepted
[Wed Jul 22 23:58:11 2026] [::1]:61807 Accepted
[Wed Jul 22 23:58:11 2026] [::1]:56525 Accepted
[Wed Jul 22 23:58:11 2026] [::1]:64014 [200]: GET /css/reset.css
[Wed Jul 22 23:58:11 2026] [::1]:63154 [200]: GET /css/tokens.css
[Wed Jul 22 23:58:11 2026] [::1]:61807 [200]: GET /css/typography.css
[Wed Jul 22 23:58:11 2026] [::1]:56525 [200]: GET /css/components.css
[Wed Jul 22 23:58:11 2026] [::1]:64014 Closing
[Wed Jul 22 23:58:11 2026] [::1]:63154 Closing
[Wed Jul 22 23:58:11 2026] [::1]:61807 Closing
[Wed Jul 22 23:58:11 2026] [::1]:56525 Closing
[Wed Jul 22 23:58:11 2026] [::1]:64378 Accepted
[Wed Jul 22 23:58:11 2026] [::1]:63226 Accepted
[Wed Jul 22 23:58:11 2026] [::1]:53046 Accepted
[Wed Jul 22 23:58:11 2026] [::1]:64378 [200]: GET /css/layout.css?v=3
[Wed Jul 22 23:58:11 2026] [::1]:64378 Closing
[Wed Jul 22 23:58:11 2026] [::1]:50967 Accepted
[Wed Jul 22 23:58:11 2026] [::1]:63226 [200]: GET /css/animations.css
[Wed Jul 22 23:58:11 2026] [::1]:53046 [200]: GET /css/cardapio.css
[Wed Jul 22 23:58:11 2026] [::1]:63226 Closing
[Wed Jul 22 23:58:11 2026] [::1]:53046 Closing
[Wed Jul 22 23:58:11 2026] [::1]:50967 [200]: GET /css/responsive.css
[Wed Jul 22 23:58:11 2026] [::1]:50967 Closing
[Wed Jul 22 23:58:11 2026] [::1]:55275 Accepted
[Wed Jul 22 23:58:11 2026] [::1]:55250 Accepted
[Wed Jul 22 23:58:11 2026] [::1]:58222 Accepted
[Wed Jul 22 23:58:11 2026] [::1]:55275 [200]: GET /js/data.js?v=3
[Wed Jul 22 23:58:11 2026] [::1]:55250 [200]: GET /assets/images/logo.png
[Wed Jul 22 23:58:11 2026] [::1]:58222 [200]: GET /assets/images/conjunto.png
[Wed Jul 22 23:58:11 2026] [::1]:55275 Closing
[Wed Jul 22 23:58:11 2026] [::1]:64422 Accepted
[Wed Jul 22 23:58:11 2026] [::1]:61316 Accepted
[Wed Jul 22 23:58:11 2026] [::1]:60761 Accepted
[Wed Jul 22 23:58:11 2026] [::1]:64422 [200]: GET /js/main.js?v=12
[Wed Jul 22 23:58:11 2026] [::1]:61316 [200]: GET /js/cardapio-data.js?v=3
[Wed Jul 22 23:58:11 2026] [::1]:60761 [200]: GET /js/cardapio-pages.js?v=2
[Wed Jul 22 23:58:11 2026] [::1]:64422 Closing
[Wed Jul 22 23:58:11 2026] [::1]:50716 Accepted
[Wed Jul 22 23:58:11 2026] [::1]:61316 Closing
[Wed Jul 22 23:58:11 2026] [::1]:60761 Closing
[Wed Jul 22 23:58:11 2026] [::1]:50716 [200]: GET /js/cardapio-flip.js?v=2
[Wed Jul 22 23:58:11 2026] [::1]:50716 Closing
[Wed Jul 22 23:58:11 2026] [::1]:52207 Accepted
[Wed Jul 22 23:58:11 2026] [::1]:55250 Closing
[Wed Jul 22 23:58:11 2026] [::1]:58922 Accepted
[Wed Jul 22 23:58:11 2026] [::1]:54072 Accepted
[Wed Jul 22 23:58:11 2026] [::1]:62318 Accepted
[Wed Jul 22 23:58:11 2026] [::1]:52207 [200]: GET /assets/fonts/playfair-800.woff2
[Wed Jul 22 23:58:11 2026] [::1]:58922 [200]: GET /assets/fonts/inter-800.woff2
[Wed Jul 22 23:58:11 2026] [::1]:54072 [200]: GET /assets/fonts/playfair-regular.woff2
[Wed Jul 22 23:58:11 2026] [::1]:62318 [200]: GET /js/cardapio.js?v=2
[Wed Jul 22 23:58:11 2026] [::1]:52207 Closing
[Wed Jul 22 23:58:11 2026] [::1]:58922 Closing
[Wed Jul 22 23:58:11 2026] [::1]:54072 Closing
[Wed Jul 22 23:58:11 2026] [::1]:62318 Closing
[Wed Jul 22 23:58:11 2026] [::1]:58222 Closing
[Wed Jul 22 23:58:11 2026] [::1]:63137 Accepted
[Wed Jul 22 23:58:11 2026] [::1]:63137 [200]: GET /data/config.json
[Wed Jul 22 23:58:11 2026] [::1]:63137 Closing
[Wed Jul 22 23:58:11 2026] [::1]:52660 Accepted
[Wed Jul 22 23:58:11 2026] [::1]:52660 [200]: GET /assets/fonts/pacifico.woff2
[Wed Jul 22 23:58:11 2026] [::1]:52660 Closing
[Wed Jul 22 23:58:12 2026] [::1]:61585 Accepted
[Wed Jul 22 23:58:12 2026] [::1]:61585 [200]: GET /assets/images/logo.png
[Wed Jul 22 23:58:12 2026] [::1]:61585 Closing
[Wed Jul 22 23:58:12 2026] [::1]:49923 Accepted
[Wed Jul 22 23:58:12 2026] [::1]:56682 Accepted
[Wed Jul 22 23:58:12 2026] [::1]:49923 [200]: GET /assets/images/sexta-conquista.jpg
[Wed Jul 22 23:58:12 2026] [::1]:56682 [200]: GET /assets/images/quarta-almoco.jpg
[Wed Jul 22 23:58:12 2026] [::1]:49923 Closing
[Wed Jul 22 23:58:12 2026] [::1]:56682 Closing
[Wed Jul 22 23:58:12 2026] [::1]:56977 Accepted
[Wed Jul 22 23:58:12 2026] [::1]:56977 [200]: GET /assets/images/mini-pasteis.jpg
[Wed Jul 22 23:58:12 2026] [::1]:56977 Closing
[Wed Jul 22 23:58:15 2026] [::1]:62368 Accepted
[Wed Jul 22 23:58:15 2026] [::1]:62368 [200]: GET /assets/images/marmitex.png
[Wed Jul 22 23:58:15 2026] [::1]:62368 Closing
[Wed Jul 22 23:58:34 2026] [::1]:57665 Accepted
[Wed Jul 22 23:58:34 2026] [::1]:57665 [200]: POST /admin/api/cardapio_save.php
[Wed Jul 22 23:58:34 2026] [::1]:57665 Closing
[Wed Jul 22 23:58:34 2026] [::1]:57224 Accepted
[Wed Jul 22 23:58:34 2026] [::1]:57224 [200]: GET /data/config.json
[Wed Jul 22 23:58:34 2026] [::1]:64074 Accepted
[Wed Jul 22 23:58:34 2026] [::1]:57224 Closing
[Wed Jul 22 23:58:34 2026] [::1]:65160 Accepted
[Wed Jul 22 23:58:34 2026] [::1]:64068 Accepted
[Wed Jul 22 23:58:34 2026] [::1]:64074 [200]: GET /data/cardapio-sections.json
[Wed Jul 22 23:58:34 2026] [::1]:65160 [200]: GET /data/config.json
[Wed Jul 22 23:58:34 2026] [::1]:64068 [200]: GET /data/cardapio-sections.json
[Wed Jul 22 23:58:34 2026] [::1]:64074 Closing
[Wed Jul 22 23:58:34 2026] [::1]:65160 Closing
[Wed Jul 22 23:58:34 2026] [::1]:64068 Closing
[Wed Jul 22 23:58:34 2026] [::1]:52805 Accepted
[Wed Jul 22 23:58:34 2026] [::1]:52805 [200]: GET /assets/images/logo.png
[Wed Jul 22 23:58:34 2026] [::1]:52805 Closing
[Wed Jul 22 23:58:40 2026] [::1]:53200 Accepted
[Wed Jul 22 23:58:40 2026] [::1]:57699 Accepted
[Wed Jul 22 23:58:40 2026] [::1]:53200 [200]: GET /
[Wed Jul 22 23:58:40 2026] [::1]:53200 Closing
[Wed Jul 22 23:58:40 2026] [::1]:57699 [200]: GET /assets/fonts/fonts.css
[Wed Jul 22 23:58:40 2026] [::1]:57699 Closing
[Wed Jul 22 23:58:40 2026] [::1]:50060 Accepted
[Wed Jul 22 23:58:40 2026] [::1]:56056 Accepted
[Wed Jul 22 23:58:40 2026] [::1]:59834 Accepted
[Wed Jul 22 23:58:40 2026] [::1]:57389 Accepted
[Wed Jul 22 23:58:40 2026] [::1]:54282 Accepted
[Wed Jul 22 23:58:40 2026] [::1]:50060 [200]: GET /css/reset.css
[Wed Jul 22 23:58:40 2026] [::1]:56056 [200]: GET /css/tokens.css
[Wed Jul 22 23:58:40 2026] [::1]:59834 [200]: GET /css/typography.css
[Wed Jul 22 23:58:40 2026] [::1]:57389 [200]: GET /css/components.css
[Wed Jul 22 23:58:40 2026] [::1]:54282 [200]: GET /css/layout.css?v=3
[Wed Jul 22 23:58:40 2026] [::1]:50060 Closing
[Wed Jul 22 23:58:40 2026] [::1]:50061 Accepted
[Wed Jul 22 23:58:40 2026] [::1]:56056 Closing
[Wed Jul 22 23:58:40 2026] [::1]:59834 Closing
[Wed Jul 22 23:58:40 2026] [::1]:57389 Closing
[Wed Jul 22 23:58:40 2026] [::1]:54282 Closing
[Wed Jul 22 23:58:40 2026] [::1]:50061 [200]: GET /css/animations.css
[Wed Jul 22 23:58:40 2026] [::1]:50061 Closing
[Wed Jul 22 23:58:40 2026] [::1]:58904 Accepted
[Wed Jul 22 23:58:40 2026] [::1]:58904 [200]: GET /css/cardapio.css
[Wed Jul 22 23:58:40 2026] [::1]:58904 Closing
[Wed Jul 22 23:58:40 2026] [::1]:62202 Accepted
[Wed Jul 22 23:58:40 2026] [::1]:59802 Accepted
[Wed Jul 22 23:58:40 2026] [::1]:63378 Accepted
[Wed Jul 22 23:58:40 2026] [::1]:57272 Accepted
[Wed Jul 22 23:58:40 2026] [::1]:50681 Accepted
[Wed Jul 22 23:58:40 2026] [::1]:62202 [200]: GET /css/responsive.css
[Wed Jul 22 23:58:40 2026] [::1]:59802 [200]: GET /js/data.js?v=3
[Wed Jul 22 23:58:40 2026] [::1]:63378 [200]: GET /assets/images/logo.png
[Wed Jul 22 23:58:40 2026] [::1]:62202 Closing
[Wed Jul 22 23:58:40 2026] [::1]:57272 [200]: GET /assets/images/conjunto.png
[Wed Jul 22 23:58:40 2026] [::1]:50681 [200]: GET /js/main.js?v=12
[Wed Jul 22 23:58:40 2026] [::1]:59802 Closing
[Wed Jul 22 23:58:40 2026] [::1]:50681 Closing
[Wed Jul 22 23:58:40 2026] [::1]:52452 Accepted
[Wed Jul 22 23:58:40 2026] [::1]:52452 [200]: GET /js/cardapio-data.js?v=3
[Wed Jul 22 23:58:40 2026] [::1]:52452 Closing
[Wed Jul 22 23:58:40 2026] [::1]:50634 Accepted
[Wed Jul 22 23:58:40 2026] [::1]:50634 [200]: GET /js/cardapio-pages.js?v=2
[Wed Jul 22 23:58:40 2026] [::1]:50634 Closing
[Wed Jul 22 23:58:40 2026] [::1]:54941 Accepted
[Wed Jul 22 23:58:40 2026] [::1]:53694 Accepted
[Wed Jul 22 23:58:40 2026] [::1]:54941 [200]: GET /js/cardapio-flip.js?v=2
[Wed Jul 22 23:58:40 2026] [::1]:53694 [200]: GET /js/cardapio.js?v=2
[Wed Jul 22 23:58:40 2026] [::1]:54941 Closing
[Wed Jul 22 23:58:40 2026] [::1]:53694 Closing
[Wed Jul 22 23:58:40 2026] [::1]:63378 Closing
[Wed Jul 22 23:58:40 2026] [::1]:54579 Accepted
[Wed Jul 22 23:58:40 2026] [::1]:52277 Accepted
[Wed Jul 22 23:58:40 2026] [::1]:54579 [200]: GET /assets/fonts/playfair-800.woff2
[Wed Jul 22 23:58:40 2026] [::1]:52277 [200]: GET /assets/fonts/inter-800.woff2
[Wed Jul 22 23:58:40 2026] [::1]:54579 Closing
[Wed Jul 22 23:58:40 2026] [::1]:57272 Closing
[Wed Jul 22 23:58:40 2026] [::1]:52277 Closing
[Wed Jul 22 23:58:40 2026] [::1]:63237 Accepted
[Wed Jul 22 23:58:40 2026] [::1]:63237 [200]: GET /assets/fonts/playfair-regular.woff2
[Wed Jul 22 23:58:40 2026] [::1]:63237 Closing
[Wed Jul 22 23:58:40 2026] [::1]:65003 Accepted
[Wed Jul 22 23:58:40 2026] [::1]:65003 [200]: GET /data/config.json
[Wed Jul 22 23:58:40 2026] [::1]:65003 Closing
[Wed Jul 22 23:58:40 2026] [::1]:55469 Accepted
[Wed Jul 22 23:58:40 2026] [::1]:55469 [200]: GET /assets/fonts/pacifico.woff2
[Wed Jul 22 23:58:40 2026] [::1]:55469 Closing
[Wed Jul 22 23:58:40 2026] [::1]:61141 Accepted
[Wed Jul 22 23:58:40 2026] [::1]:61141 [200]: GET /assets/images/logo.png
[Wed Jul 22 23:58:40 2026] [::1]:61141 Closing
[Wed Jul 22 23:58:41 2026] [::1]:58551 Accepted
[Wed Jul 22 23:58:41 2026] [::1]:49956 Accepted
[Wed Jul 22 23:58:41 2026] [::1]:58551 [200]: GET /assets/images/sexta-conquista.jpg
[Wed Jul 22 23:58:41 2026] [::1]:49956 [200]: GET /assets/images/quarta-almoco.jpg
[Wed Jul 22 23:58:41 2026] [::1]:58551 Closing
[Wed Jul 22 23:58:41 2026] [::1]:49956 Closing
[Wed Jul 22 23:58:41 2026] [::1]:51165 Accepted
[Wed Jul 22 23:58:41 2026] [::1]:51165 [200]: GET /assets/images/mini-pasteis.jpg
[Wed Jul 22 23:58:41 2026] [::1]:51165 Closing
[Wed Jul 22 23:58:45 2026] [::1]:63882 Accepted
[Wed Jul 22 23:58:45 2026] [::1]:63882 [200]: GET /assets/images/marmitex.png
[Wed Jul 22 23:58:45 2026] [::1]:63882 Closing
[Wed Jul 22 23:59:00 2026] [::1]:49671 Accepted
[Wed Jul 22 23:59:00 2026] [::1]:49671 [200]: POST /admin/api/cardapio_save.php
[Wed Jul 22 23:59:00 2026] [::1]:49671 Closing
[Wed Jul 22 23:59:00 2026] [::1]:49723 Accepted
[Wed Jul 22 23:59:00 2026] [::1]:49723 [200]: GET /data/config.json
[Wed Jul 22 23:59:00 2026] [::1]:49723 Closing
[Wed Jul 22 23:59:00 2026] [::1]:65503 Accepted
[Wed Jul 22 23:59:00 2026] [::1]:54200 Accepted
[Wed Jul 22 23:59:00 2026] [::1]:58330 Accepted
[Wed Jul 22 23:59:00 2026] [::1]:65503 [200]: GET /data/cardapio-sections.json
[Wed Jul 22 23:59:00 2026] [::1]:54200 [200]: GET /data/config.json
[Wed Jul 22 23:59:00 2026] [::1]:58330 [200]: GET /data/cardapio-sections.json
[Wed Jul 22 23:59:00 2026] [::1]:65503 Closing
[Wed Jul 22 23:59:00 2026] [::1]:54200 Closing
[Wed Jul 22 23:59:00 2026] [::1]:58330 Closing
[Wed Jul 22 23:59:00 2026] [::1]:60676 Accepted
[Wed Jul 22 23:59:00 2026] [::1]:60676 [200]: GET /assets/images/logo.png
[Wed Jul 22 23:59:00 2026] [::1]:60676 Closing
[Wed Jul 22 23:59:03 2026] [::1]:61865 Accepted
[Wed Jul 22 23:59:03 2026] [::1]:61761 Accepted
[Wed Jul 22 23:59:03 2026] [::1]:61865 [200]: GET /
[Wed Jul 22 23:59:03 2026] [::1]:61865 Closing
[Wed Jul 22 23:59:03 2026] [::1]:61761 [200]: GET /assets/fonts/fonts.css
[Wed Jul 22 23:59:03 2026] [::1]:61761 Closing
[Wed Jul 22 23:59:03 2026] [::1]:57292 Accepted
[Wed Jul 22 23:59:03 2026] [::1]:55466 Accepted
[Wed Jul 22 23:59:03 2026] [::1]:52795 Accepted
[Wed Jul 22 23:59:03 2026] [::1]:57515 Accepted
[Wed Jul 22 23:59:03 2026] [::1]:57290 Accepted
[Wed Jul 22 23:59:03 2026] [::1]:57292 [200]: GET /css/reset.css
[Wed Jul 22 23:59:03 2026] [::1]:55466 [200]: GET /css/tokens.css
[Wed Jul 22 23:59:03 2026] [::1]:52795 [200]: GET /css/typography.css
[Wed Jul 22 23:59:03 2026] [::1]:57292 Closing
[Wed Jul 22 23:59:03 2026] [::1]:57515 [200]: GET /css/components.css
[Wed Jul 22 23:59:03 2026] [::1]:57290 [200]: GET /css/layout.css?v=3
[Wed Jul 22 23:59:03 2026] [::1]:55466 Closing
[Wed Jul 22 23:59:03 2026] [::1]:52795 Closing
[Wed Jul 22 23:59:03 2026] [::1]:57515 Closing
[Wed Jul 22 23:59:03 2026] [::1]:57290 Closing
[Wed Jul 22 23:59:03 2026] [::1]:61077 Accepted
[Wed Jul 22 23:59:03 2026] [::1]:55996 Accepted
[Wed Jul 22 23:59:03 2026] [::1]:50710 Accepted
[Wed Jul 22 23:59:03 2026] [::1]:61077 [200]: GET /css/animations.css
[Wed Jul 22 23:59:03 2026] [::1]:61077 Closing
[Wed Jul 22 23:59:03 2026] [::1]:55996 [200]: GET /css/cardapio.css
[Wed Jul 22 23:59:03 2026] [::1]:50710 [200]: GET /css/responsive.css
[Wed Jul 22 23:59:03 2026] [::1]:55996 Closing
[Wed Jul 22 23:59:03 2026] [::1]:50710 Closing
[Wed Jul 22 23:59:03 2026] [::1]:51584 Accepted
[Wed Jul 22 23:59:03 2026] [::1]:61409 Accepted
[Wed Jul 22 23:59:03 2026] [::1]:52298 Accepted
[Wed Jul 22 23:59:03 2026] [::1]:55039 Accepted
[Wed Jul 22 23:59:03 2026] [::1]:51584 [200]: GET /js/data.js?v=3
[Wed Jul 22 23:59:03 2026] [::1]:51584 Closing
[Wed Jul 22 23:59:03 2026] [::1]:61409 [200]: GET /assets/images/logo.png
[Wed Jul 22 23:59:03 2026] [::1]:52298 [200]: GET /assets/images/conjunto.png
[Wed Jul 22 23:59:03 2026] [::1]:55039 [200]: GET /js/main.js?v=12
[Wed Jul 22 23:59:03 2026] [::1]:55039 Closing
[Wed Jul 22 23:59:03 2026] [::1]:55534 Accepted
[Wed Jul 22 23:59:03 2026] [::1]:56362 Accepted
[Wed Jul 22 23:59:03 2026] [::1]:55534 [200]: GET /js/cardapio-data.js?v=3
[Wed Jul 22 23:59:03 2026] [::1]:56362 [200]: GET /js/cardapio-pages.js?v=2
[Wed Jul 22 23:59:03 2026] [::1]:55534 Closing
[Wed Jul 22 23:59:03 2026] [::1]:56362 Closing
[Wed Jul 22 23:59:03 2026] [::1]:60725 Accepted
[Wed Jul 22 23:59:03 2026] [::1]:60725 [200]: GET /js/cardapio-flip.js?v=2
[Wed Jul 22 23:59:03 2026] [::1]:60725 Closing
[Wed Jul 22 23:59:03 2026] [::1]:50812 Accepted
[Wed Jul 22 23:59:03 2026] [::1]:50812 [200]: GET /js/cardapio.js?v=2
[Wed Jul 22 23:59:03 2026] [::1]:50812 Closing
[Wed Jul 22 23:59:03 2026] [::1]:61409 Closing
[Wed Jul 22 23:59:03 2026] [::1]:52104 Accepted
[Wed Jul 22 23:59:03 2026] [::1]:55134 Accepted
[Wed Jul 22 23:59:03 2026] [::1]:52104 [200]: GET /assets/fonts/playfair-800.woff2
[Wed Jul 22 23:59:03 2026] [::1]:55134 [200]: GET /assets/fonts/inter-800.woff2
[Wed Jul 22 23:59:03 2026] [::1]:52104 Closing
[Wed Jul 22 23:59:03 2026] [::1]:55134 Closing
[Wed Jul 22 23:59:03 2026] [::1]:57887 Accepted
[Wed Jul 22 23:59:03 2026] [::1]:52298 Closing
[Wed Jul 22 23:59:03 2026] [::1]:57887 [200]: GET /assets/fonts/playfair-regular.woff2
[Wed Jul 22 23:59:03 2026] [::1]:57887 Closing
[Wed Jul 22 23:59:03 2026] [::1]:62516 Accepted
[Wed Jul 22 23:59:03 2026] [::1]:62516 [200]: GET /data/config.json
[Wed Jul 22 23:59:03 2026] [::1]:62516 Closing
[Wed Jul 22 23:59:03 2026] [::1]:52723 Accepted
[Wed Jul 22 23:59:03 2026] [::1]:52723 [200]: GET /assets/fonts/pacifico.woff2
[Wed Jul 22 23:59:03 2026] [::1]:52723 Closing
[Wed Jul 22 23:59:03 2026] [::1]:65514 Accepted
[Wed Jul 22 23:59:03 2026] [::1]:65514 [200]: GET /assets/images/logo.png
[Wed Jul 22 23:59:03 2026] [::1]:65514 Closing
[Wed Jul 22 23:59:04 2026] [::1]:55149 Accepted
[Wed Jul 22 23:59:04 2026] [::1]:50560 Accepted
[Wed Jul 22 23:59:04 2026] [::1]:55149 [200]: GET /assets/images/sexta-conquista.jpg
[Wed Jul 22 23:59:04 2026] [::1]:50560 [200]: GET /assets/images/quarta-almoco.jpg
[Wed Jul 22 23:59:04 2026] [::1]:55149 Closing
[Wed Jul 22 23:59:04 2026] [::1]:50560 Closing
[Wed Jul 22 23:59:04 2026] [::1]:60225 Accepted
[Wed Jul 22 23:59:04 2026] [::1]:60225 [200]: GET /assets/images/mini-pasteis.jpg
[Wed Jul 22 23:59:04 2026] [::1]:60225 Closing
[Wed Jul 22 23:59:07 2026] [::1]:58719 Accepted
[Wed Jul 22 23:59:07 2026] [::1]:58719 [200]: GET /assets/images/marmitex.png
[Wed Jul 22 23:59:07 2026] [::1]:58719 Closing
[Thu Jul 23 00:01:10 2026] [::1]:52760 Accepted
[Thu Jul 23 00:01:10 2026] [::1]:56953 Accepted
[Thu Jul 23 00:01:10 2026] [::1]:52760 [200]: GET /
[Thu Jul 23 00:01:10 2026] [::1]:52760 Closing
[Thu Jul 23 00:01:10 2026] [::1]:56953 [200]: GET /assets/fonts/fonts.css
[Thu Jul 23 00:01:10 2026] [::1]:56953 Closing
[Thu Jul 23 00:01:10 2026] [::1]:50157 Accepted
[Thu Jul 23 00:01:10 2026] [::1]:49978 Accepted
[Thu Jul 23 00:01:10 2026] [::1]:57597 Accepted
[Thu Jul 23 00:01:10 2026] [::1]:57775 Accepted
[Thu Jul 23 00:01:10 2026] [::1]:59744 Accepted
[Thu Jul 23 00:01:10 2026] [::1]:50157 [200]: GET /css/reset.css
[Thu Jul 23 00:01:10 2026] [::1]:49978 [200]: GET /css/tokens.css
[Thu Jul 23 00:01:10 2026] [::1]:57597 [200]: GET /css/typography.css
[Thu Jul 23 00:01:10 2026] [::1]:57775 [200]: GET /css/components.css
[Thu Jul 23 00:01:10 2026] [::1]:53882 Accepted
[Thu Jul 23 00:01:10 2026] [::1]:59744 [200]: GET /css/layout.css?v=3
[Thu Jul 23 00:01:10 2026] [::1]:50157 Closing
[Thu Jul 23 00:01:10 2026] [::1]:53882 [200]: GET /css/animations.css
[Thu Jul 23 00:01:10 2026] [::1]:49978 Closing
[Thu Jul 23 00:01:10 2026] [::1]:56572 Accepted
[Thu Jul 23 00:01:10 2026] [::1]:57597 Closing
[Thu Jul 23 00:01:10 2026] [::1]:57775 Closing
[Thu Jul 23 00:01:10 2026] [::1]:59744 Closing
[Thu Jul 23 00:01:10 2026] [::1]:53882 Closing
[Thu Jul 23 00:01:10 2026] [::1]:63895 Accepted
[Thu Jul 23 00:01:10 2026] [::1]:56572 [200]: GET /css/cardapio.css
[Thu Jul 23 00:01:10 2026] [::1]:63895 [200]: GET /css/responsive.css
[Thu Jul 23 00:01:10 2026] [::1]:56572 Closing
[Thu Jul 23 00:01:10 2026] [::1]:63895 Closing
[Thu Jul 23 00:01:10 2026] [::1]:56198 Accepted
[Thu Jul 23 00:01:10 2026] [::1]:58566 Accepted
[Thu Jul 23 00:01:10 2026] [::1]:60310 Accepted
[Thu Jul 23 00:01:10 2026] [::1]:62038 Accepted
[Thu Jul 23 00:01:10 2026] [::1]:56198 [200]: GET /js/data.js?v=3
[Thu Jul 23 00:01:10 2026] [::1]:58566 [200]: GET /assets/images/conjunto.png
[Thu Jul 23 00:01:10 2026] [::1]:60310 [200]: GET /js/main.js?v=12
[Thu Jul 23 00:01:10 2026] [::1]:62038 [200]: GET /assets/images/logo.png
[Thu Jul 23 00:01:10 2026] [::1]:56198 Closing
[Thu Jul 23 00:01:10 2026] [::1]:63835 Accepted
[Thu Jul 23 00:01:10 2026] [::1]:60310 Closing
[Thu Jul 23 00:01:10 2026] [::1]:55055 Accepted
[Thu Jul 23 00:01:10 2026] [::1]:63835 [200]: GET /js/cardapio-data.js?v=3
[Thu Jul 23 00:01:10 2026] [::1]:55055 [200]: GET /js/cardapio-pages.js?v=2
[Thu Jul 23 00:01:10 2026] [::1]:63835 Closing
[Thu Jul 23 00:01:10 2026] [::1]:55055 Closing
[Thu Jul 23 00:01:10 2026] [::1]:57700 Accepted
[Thu Jul 23 00:01:10 2026] [::1]:57700 [200]: GET /js/cardapio-flip.js?v=2
[Thu Jul 23 00:01:10 2026] [::1]:57700 Closing
[Thu Jul 23 00:01:10 2026] [::1]:55693 Accepted
[Thu Jul 23 00:01:10 2026] [::1]:55693 [200]: GET /js/cardapio.js?v=2
[Thu Jul 23 00:01:10 2026] [::1]:55693 Closing
[Thu Jul 23 00:01:10 2026] [::1]:62038 Closing
[Thu Jul 23 00:01:10 2026] [::1]:57490 Accepted
[Thu Jul 23 00:01:10 2026] [::1]:61637 Accepted
[Thu Jul 23 00:01:10 2026] [::1]:57490 [200]: GET /assets/fonts/playfair-800.woff2
[Thu Jul 23 00:01:10 2026] [::1]:61637 [200]: GET /assets/fonts/inter-800.woff2
[Thu Jul 23 00:01:10 2026] [::1]:57490 Closing
[Thu Jul 23 00:01:10 2026] [::1]:61637 Closing
[Thu Jul 23 00:01:10 2026] [::1]:51042 Accepted
[Thu Jul 23 00:01:10 2026] [::1]:51042 [200]: GET /assets/fonts/playfair-regular.woff2
[Thu Jul 23 00:01:10 2026] [::1]:51042 Closing
[Thu Jul 23 00:01:10 2026] [::1]:58566 Closing
[Thu Jul 23 00:01:10 2026] [::1]:60094 Accepted
[Thu Jul 23 00:01:10 2026] [::1]:60094 [200]: GET /data/config.json
[Thu Jul 23 00:01:10 2026] [::1]:60094 Closing
[Thu Jul 23 00:01:10 2026] [::1]:57551 Accepted
[Thu Jul 23 00:01:10 2026] [::1]:57551 [200]: GET /assets/fonts/pacifico.woff2
[Thu Jul 23 00:01:10 2026] [::1]:57551 Closing
[Thu Jul 23 00:01:11 2026] [::1]:54051 Accepted
[Thu Jul 23 00:01:11 2026] [::1]:54051 [200]: GET /assets/images/logo.png
[Thu Jul 23 00:01:11 2026] [::1]:54051 Closing
[Thu Jul 23 00:01:11 2026] [::1]:62290 Accepted
[Thu Jul 23 00:01:11 2026] [::1]:60983 Accepted
[Thu Jul 23 00:01:11 2026] [::1]:62290 [200]: GET /assets/images/sexta-conquista.jpg
[Thu Jul 23 00:01:11 2026] [::1]:60983 [200]: GET /assets/images/quarta-almoco.jpg
[Thu Jul 23 00:01:11 2026] [::1]:62290 Closing
[Thu Jul 23 00:01:11 2026] [::1]:60983 Closing
[Thu Jul 23 00:01:11 2026] [::1]:49265 Accepted
[Thu Jul 23 00:01:11 2026] [::1]:49265 [200]: GET /assets/images/mini-pasteis.jpg
[Thu Jul 23 00:01:11 2026] [::1]:49265 Closing
[Thu Jul 23 00:01:17 2026] [::1]:60475 Accepted
[Thu Jul 23 00:01:17 2026] [::1]:60183 Accepted
[Thu Jul 23 00:01:17 2026] [::1]:63731 Accepted
[Thu Jul 23 00:01:17 2026] [::1]:60475 [200]: GET /assets/fonts/fonts.css
[Thu Jul 23 00:01:17 2026] [::1]:60183 [200]: GET /css/reset.css
[Thu Jul 23 00:01:17 2026] [::1]:64442 Accepted
[Thu Jul 23 00:01:17 2026] [::1]:60475 Closing
[Thu Jul 23 00:01:17 2026] [::1]:60183 Closing
[Thu Jul 23 00:01:17 2026] [::1]:51276 Accepted
[Thu Jul 23 00:01:17 2026] [::1]:59926 Accepted
[Thu Jul 23 00:01:17 2026] [::1]:63731 [200]: GET /css/tokens.css
[Thu Jul 23 00:01:17 2026] [::1]:64442 [200]: GET /css/typography.css
[Thu Jul 23 00:01:17 2026] [::1]:51276 [200]: GET /css/components.css
[Thu Jul 23 00:01:17 2026] [::1]:59926 [200]: GET /css/layout.css?v=3
[Thu Jul 23 00:01:17 2026] [::1]:63731 Closing
[Thu Jul 23 00:01:17 2026] [::1]:64442 Closing
[Thu Jul 23 00:01:17 2026] [::1]:51276 Closing
[Thu Jul 23 00:01:17 2026] [::1]:59926 Closing
[Thu Jul 23 00:01:17 2026] [::1]:60752 Accepted
[Thu Jul 23 00:01:17 2026] [::1]:65236 Accepted
[Thu Jul 23 00:01:17 2026] [::1]:57920 Accepted
[Thu Jul 23 00:01:17 2026] [::1]:60752 [200]: GET /css/animations.css
[Thu Jul 23 00:01:17 2026] [::1]:65236 [200]: GET /css/cardapio.css
[Thu Jul 23 00:01:17 2026] [::1]:57920 [200]: GET /css/responsive.css
[Thu Jul 23 00:01:17 2026] [::1]:60752 Closing
[Thu Jul 23 00:01:17 2026] [::1]:65236 Closing
[Thu Jul 23 00:01:17 2026] [::1]:57920 Closing
[Thu Jul 23 00:01:17 2026] [::1]:61475 Accepted
[Thu Jul 23 00:01:17 2026] [::1]:61475 [404]: GET /.well-known/appspecific/com.chrome.devtools.json - No such file or directory
[Thu Jul 23 00:01:17 2026] [::1]:61475 Closing
[Thu Jul 23 00:01:18 2026] [::1]:56557 Accepted
[Thu Jul 23 00:01:18 2026] [::1]:56557 [200]: GET /assets/images/logo.png
[Thu Jul 23 00:01:18 2026] [::1]:56557 Closing
[Thu Jul 23 00:01:43 2026] [::1]:55823 Accepted
[Thu Jul 23 00:01:43 2026] [::1]:61826 Accepted
[Thu Jul 23 00:01:43 2026] [::1]:55823 [200]: GET /assets/images/copa.svg
[Thu Jul 23 00:01:43 2026] [::1]:61826 [200]: GET /assets/images/quarta-almoco.jpg
[Thu Jul 23 00:01:43 2026] [::1]:61826 Closing
[Thu Jul 23 00:01:43 2026] [::1]:55823 Closing
[Thu Jul 23 00:01:44 2026] [::1]:62138 Accepted
[Thu Jul 23 00:01:44 2026] [::1]:62138 [200]: GET /assets/images/sexta-conquista.jpg
[Thu Jul 23 00:01:44 2026] [::1]:62138 Closing
[Thu Jul 23 00:01:50 2026] [::1]:55728 Accepted
[Thu Jul 23 00:01:50 2026] [::1]:55728 [200]: GET /assets/images/marmitex.png
[Thu Jul 23 00:01:50 2026] [::1]:55728 Closing
[Thu Jul 23 00:01:53 2026] [::1]:59897 Accepted
[Thu Jul 23 00:01:53 2026] [::1]:59897 [200]: GET /assets/images/mini-pasteis.jpg
[Thu Jul 23 00:01:53 2026] [::1]:59897 Closing
[Thu Jul 23 00:03:22 2026] [::1]:54760 Accepted
[Thu Jul 23 00:03:22 2026] [::1]:54760 [200]: GET /data/config.json
[Thu Jul 23 00:03:22 2026] [::1]:54760 Closing
[Thu Jul 23 00:04:19 2026] [::1]:61400 Accepted
[Thu Jul 23 00:04:19 2026] [::1]:61400 [200]: GET /admin/api/cardapio_get.php
[Thu Jul 23 00:04:19 2026] [::1]:61400 Closing
[Thu Jul 23 00:04:19 2026] [::1]:61401 Accepted
[Thu Jul 23 00:04:19 2026] [::1]:61401 [200]: POST /admin/api/cardapio_save.php
[Thu Jul 23 00:04:19 2026] [::1]:61401 Closing
[Thu Jul 23 00:04:20 2026] [::1]:61403 Accepted
[Thu Jul 23 00:04:20 2026] [::1]:61403 [200]: GET /data/config.json
[Thu Jul 23 00:04:20 2026] [::1]:61403 Closing
[Thu Jul 23 00:07:44 2026] [::1]:61426 Accepted
[Thu Jul 23 00:07:44 2026] [::1]:61426 [200]: GET /
[Thu Jul 23 00:07:44 2026] [::1]:61426 Closing
[Thu Jul 23 00:07:44 2026] [::1]:61427 Accepted
[Thu Jul 23 00:07:44 2026] [::1]:61427 [200]: GET /js/cardapio-pages.js
[Thu Jul 23 00:07:44 2026] [::1]:61427 Closing
[Thu Jul 23 00:08:04 2026] [::1]:61432 Accepted
[Thu Jul 23 00:08:04 2026] [::1]:61432 [200]: GET /admin/api/cardapio_get.php
[Thu Jul 23 00:08:04 2026] [::1]:61432 Closing
[Thu Jul 23 00:08:04 2026] [::1]:61433 Accepted
[Thu Jul 23 00:08:04 2026] [::1]:61433 [200]: POST /admin/api/cardapio_save.php
[Thu Jul 23 00:08:04 2026] [::1]:61433 Closing
[Thu Jul 23 00:08:04 2026] [::1]:61434 Accepted
[Thu Jul 23 00:08:04 2026] [::1]:61434 [200]: GET /data/config.json
[Thu Jul 23 00:08:04 2026] [::1]:61434 Closing
[Thu Jul 23 00:08:16 2026] [::1]:57132 Accepted
[Thu Jul 23 00:08:16 2026] [::1]:57132 [200]: GET /admin/?module=cardapio
[Thu Jul 23 00:08:16 2026] [::1]:57132 Closing
[Thu Jul 23 00:08:16 2026] [::1]:52142 Accepted
[Thu Jul 23 00:08:16 2026] [::1]:52142 [200]: GET /css/tokens.css?v=1
[Thu Jul 23 00:08:16 2026] [::1]:52142 Closing
[Thu Jul 23 00:08:16 2026] [::1]:60934 Accepted
[Thu Jul 23 00:08:16 2026] [::1]:59843 Accepted
[Thu Jul 23 00:08:16 2026] [::1]:50427 Accepted
[Thu Jul 23 00:08:16 2026] [::1]:52689 Accepted
[Thu Jul 23 00:08:16 2026] [::1]:65021 Accepted
[Thu Jul 23 00:08:16 2026] [::1]:60934 [200]: GET /css/reset.css?v=1
[Thu Jul 23 00:08:16 2026] [::1]:59843 [200]: GET /css/typography.css?v=1
[Thu Jul 23 00:08:16 2026] [::1]:50427 [200]: GET /admin/assets/admin.css?v=25
[Thu Jul 23 00:08:16 2026] [::1]:52689 [200]: GET /admin/assets/admin.js?v=25
[Thu Jul 23 00:08:16 2026] [::1]:65021 [200]: GET /admin/assets/cardapio-view.js?v=25
[Thu Jul 23 00:08:16 2026] [::1]:60934 Closing
[Thu Jul 23 00:08:16 2026] [::1]:59843 Closing
[Thu Jul 23 00:08:16 2026] [::1]:50427 Closing
[Thu Jul 23 00:08:16 2026] [::1]:52689 Closing
[Thu Jul 23 00:08:16 2026] [::1]:65021 Closing
[Thu Jul 23 00:08:16 2026] [::1]:52693 Accepted
[Thu Jul 23 00:08:16 2026] [::1]:52693 [200]: GET /admin/api/cardapio_get.php
[Thu Jul 23 00:08:16 2026] [::1]:52693 Closing
[Thu Jul 23 00:08:16 2026] [::1]:52564 Accepted
[Thu Jul 23 00:08:16 2026] [::1]:52564 [404]: GET /favicon.ico - No such file or directory
[Thu Jul 23 00:08:16 2026] [::1]:52564 Closing
[Thu Jul 23 00:08:21 2026] [::1]:51941 Accepted
[Thu Jul 23 00:08:21 2026] [::1]:58367 Accepted
[Thu Jul 23 00:08:21 2026] [::1]:51941 [200]: GET /
[Thu Jul 23 00:08:21 2026] [::1]:51941 Closing
[Thu Jul 23 00:08:21 2026] [::1]:58367 [200]: GET /assets/fonts/fonts.css
[Thu Jul 23 00:08:21 2026] [::1]:58367 Closing
[Thu Jul 23 00:08:21 2026] [::1]:56986 Accepted
[Thu Jul 23 00:08:21 2026] [::1]:50844 Accepted
[Thu Jul 23 00:08:21 2026] [::1]:61399 Accepted
[Thu Jul 23 00:08:21 2026] [::1]:57789 Accepted
[Thu Jul 23 00:08:21 2026] [::1]:56986 [200]: GET /css/reset.css
[Thu Jul 23 00:08:21 2026] [::1]:50844 [200]: GET /css/tokens.css
[Thu Jul 23 00:08:21 2026] [::1]:61399 [200]: GET /css/typography.css
[Thu Jul 23 00:08:21 2026] [::1]:57789 [200]: GET /css/components.css
[Thu Jul 23 00:08:21 2026] [::1]:56986 Closing
[Thu Jul 23 00:08:21 2026] [::1]:50844 Closing
[Thu Jul 23 00:08:21 2026] [::1]:61399 Closing
[Thu Jul 23 00:08:21 2026] [::1]:57789 Closing
[Thu Jul 23 00:08:21 2026] [::1]:51606 Accepted
[Thu Jul 23 00:08:21 2026] [::1]:58094 Accepted
[Thu Jul 23 00:08:21 2026] [::1]:50060 Accepted
[Thu Jul 23 00:08:21 2026] [::1]:50721 Accepted
[Thu Jul 23 00:08:21 2026] [::1]:51606 [200]: GET /css/layout.css?v=3
[Thu Jul 23 00:08:21 2026] [::1]:58094 [200]: GET /css/animations.css
[Thu Jul 23 00:08:21 2026] [::1]:50060 [200]: GET /css/cardapio.css
[Thu Jul 23 00:08:21 2026] [::1]:50721 [200]: GET /css/responsive.css
[Thu Jul 23 00:08:21 2026] [::1]:51606 Closing
[Thu Jul 23 00:08:21 2026] [::1]:58094 Closing
[Thu Jul 23 00:08:21 2026] [::1]:50060 Closing
[Thu Jul 23 00:08:21 2026] [::1]:50721 Closing
[Thu Jul 23 00:08:21 2026] [::1]:62069 Accepted
[Thu Jul 23 00:08:21 2026] [::1]:62069 [200]: GET /assets/images/conjunto.png
[Thu Jul 23 00:08:21 2026] [::1]:49987 Accepted
[Thu Jul 23 00:08:21 2026] [::1]:51160 Accepted
[Thu Jul 23 00:08:21 2026] [::1]:49987 [200]: GET /js/data.js?v=3
[Thu Jul 23 00:08:21 2026] [::1]:51160 [200]: GET /assets/images/logo.png
[Thu Jul 23 00:08:21 2026] [::1]:49987 Closing
[Thu Jul 23 00:08:21 2026] [::1]:61675 Accepted
[Thu Jul 23 00:08:21 2026] [::1]:49751 Accepted
[Thu Jul 23 00:08:21 2026] [::1]:60262 Accepted
[Thu Jul 23 00:08:21 2026] [::1]:61675 [200]: GET /js/main.js?v=12
[Thu Jul 23 00:08:21 2026] [::1]:49751 [200]: GET /js/cardapio-data.js?v=3
[Thu Jul 23 00:08:21 2026] [::1]:60262 [200]: GET /js/cardapio-pages.js?v=2
[Thu Jul 23 00:08:21 2026] [::1]:61675 Closing
[Thu Jul 23 00:08:21 2026] [::1]:63865 Accepted
[Thu Jul 23 00:08:21 2026] [::1]:49751 Closing
[Thu Jul 23 00:08:21 2026] [::1]:60262 Closing
[Thu Jul 23 00:08:21 2026] [::1]:63865 [200]: GET /js/cardapio-flip.js?v=2
[Thu Jul 23 00:08:21 2026] [::1]:63865 Closing
[Thu Jul 23 00:08:21 2026] [::1]:57337 Accepted
[Thu Jul 23 00:08:21 2026] [::1]:51160 Closing
[Thu Jul 23 00:08:21 2026] [::1]:57337 [200]: GET /js/cardapio.js?v=2
[Thu Jul 23 00:08:21 2026] [::1]:57337 Closing
[Thu Jul 23 00:08:21 2026] [::1]:50466 Accepted
[Thu Jul 23 00:08:21 2026] [::1]:59447 Accepted
[Thu Jul 23 00:08:21 2026] [::1]:50466 [200]: GET /assets/fonts/playfair-800.woff2
[Thu Jul 23 00:08:21 2026] [::1]:59447 [200]: GET /assets/fonts/inter-800.woff2
[Thu Jul 23 00:08:21 2026] [::1]:50466 Closing
[Thu Jul 23 00:08:21 2026] [::1]:59447 Closing
[Thu Jul 23 00:08:21 2026] [::1]:58927 Accepted
[Thu Jul 23 00:08:21 2026] [::1]:58927 [200]: GET /assets/fonts/playfair-regular.woff2
[Thu Jul 23 00:08:21 2026] [::1]:58927 Closing
[Thu Jul 23 00:08:21 2026] [::1]:62069 Closing
[Thu Jul 23 00:08:21 2026] [::1]:65067 Accepted
[Thu Jul 23 00:08:21 2026] [::1]:65067 [200]: GET /data/config.json
[Thu Jul 23 00:08:21 2026] [::1]:65067 Closing
[Thu Jul 23 00:08:21 2026] [::1]:64941 Accepted
[Thu Jul 23 00:08:21 2026] [::1]:64941 [200]: GET /assets/fonts/pacifico.woff2
[Thu Jul 23 00:08:21 2026] [::1]:64941 Closing
[Thu Jul 23 00:08:21 2026] [::1]:52381 Accepted
[Thu Jul 23 00:08:21 2026] [::1]:52381 [200]: GET /assets/images/logo.png
[Thu Jul 23 00:08:21 2026] [::1]:52381 Closing
[Thu Jul 23 00:08:21 2026] [::1]:55395 Accepted
[Thu Jul 23 00:08:21 2026] [::1]:64094 Accepted
[Thu Jul 23 00:08:21 2026] [::1]:55395 [200]: GET /assets/images/quarta-almoco.jpg
[Thu Jul 23 00:08:21 2026] [::1]:64094 [200]: GET /assets/images/sexta-conquista.jpg
[Thu Jul 23 00:08:21 2026] [::1]:55395 Closing
[Thu Jul 23 00:08:21 2026] [::1]:64094 Closing
[Thu Jul 23 00:08:24 2026] [::1]:59132 Accepted
[Thu Jul 23 00:08:24 2026] [::1]:59132 [200]: GET /assets/images/mini-pasteis.jpg
[Thu Jul 23 00:08:24 2026] [::1]:59132 Closing
[Thu Jul 23 00:08:26 2026] [::1]:63063 Accepted
[Thu Jul 23 00:08:26 2026] [::1]:63063 [200]: GET /assets/images/marmitex.png
[Thu Jul 23 00:08:26 2026] [::1]:63063 Closing
[Thu Jul 23 00:08:42 2026] [::1]:61179 Accepted
[Thu Jul 23 00:08:42 2026] [::1]:61179 [200]: POST /admin/api/cardapio_save.php
[Thu Jul 23 00:08:42 2026] [::1]:61179 Closing
[Thu Jul 23 00:08:42 2026] [::1]:63445 Accepted
[Thu Jul 23 00:08:42 2026] [::1]:63445 [200]: GET /data/config.json
[Thu Jul 23 00:08:42 2026] [::1]:63445 Closing
[Thu Jul 23 00:08:42 2026] [::1]:55199 Accepted
[Thu Jul 23 00:08:42 2026] [::1]:56866 Accepted
[Thu Jul 23 00:08:42 2026] [::1]:60181 Accepted
[Thu Jul 23 00:08:42 2026] [::1]:55199 [200]: GET /data/cardapio-sections.json
[Thu Jul 23 00:08:42 2026] [::1]:56866 [200]: GET /data/config.json
[Thu Jul 23 00:08:42 2026] [::1]:60181 [200]: GET /data/cardapio-sections.json
[Thu Jul 23 00:08:42 2026] [::1]:55199 Closing
[Thu Jul 23 00:08:42 2026] [::1]:56866 Closing
[Thu Jul 23 00:08:42 2026] [::1]:60181 Closing
[Thu Jul 23 00:08:42 2026] [::1]:58938 Accepted
[Thu Jul 23 00:08:42 2026] [::1]:58938 [200]: GET /assets/images/logo.png
[Thu Jul 23 00:08:42 2026] [::1]:58938 Closing
[Thu Jul 23 00:08:44 2026] [::1]:53805 Accepted
[Thu Jul 23 00:08:44 2026] [::1]:49274 Accepted
[Thu Jul 23 00:08:44 2026] [::1]:53805 [200]: GET /
[Thu Jul 23 00:08:44 2026] [::1]:53805 Closing
[Thu Jul 23 00:08:44 2026] [::1]:49274 [200]: GET /assets/fonts/fonts.css
[Thu Jul 23 00:08:44 2026] [::1]:49274 Closing
[Thu Jul 23 00:08:44 2026] [::1]:52860 Accepted
[Thu Jul 23 00:08:44 2026] [::1]:55217 Accepted
[Thu Jul 23 00:08:44 2026] [::1]:63601 Accepted
[Thu Jul 23 00:08:44 2026] [::1]:50918 Accepted
[Thu Jul 23 00:08:44 2026] [::1]:63961 Accepted
[Thu Jul 23 00:08:44 2026] [::1]:52860 [200]: GET /css/reset.css
[Thu Jul 23 00:08:44 2026] [::1]:55217 [200]: GET /css/tokens.css
[Thu Jul 23 00:08:44 2026] [::1]:63601 [200]: GET /css/typography.css
[Thu Jul 23 00:08:44 2026] [::1]:50918 [200]: GET /css/components.css
[Thu Jul 23 00:08:44 2026] [::1]:52860 Closing
[Thu Jul 23 00:08:44 2026] [::1]:55217 Closing
[Thu Jul 23 00:08:44 2026] [::1]:63444 Accepted
[Thu Jul 23 00:08:44 2026] [::1]:63601 Closing
[Thu Jul 23 00:08:44 2026] [::1]:50918 Closing
[Thu Jul 23 00:08:44 2026] [::1]:63961 [200]: GET /css/layout.css?v=3
[Thu Jul 23 00:08:44 2026] [::1]:63444 [200]: GET /css/animations.css
[Thu Jul 23 00:08:44 2026] [::1]:63961 Closing
[Thu Jul 23 00:08:44 2026] [::1]:63444 Closing
[Thu Jul 23 00:08:44 2026] [::1]:64786 Accepted
[Thu Jul 23 00:08:44 2026] [::1]:57995 Accepted
[Thu Jul 23 00:08:44 2026] [::1]:64786 [200]: GET /css/cardapio.css
[Thu Jul 23 00:08:44 2026] [::1]:64786 Closing
[Thu Jul 23 00:08:44 2026] [::1]:57995 [200]: GET /css/responsive.css
[Thu Jul 23 00:08:44 2026] [::1]:57995 Closing
[Thu Jul 23 00:08:44 2026] [::1]:61030 Accepted
[Thu Jul 23 00:08:44 2026] [::1]:61030 [200]: GET /assets/images/conjunto.png
[Thu Jul 23 00:08:44 2026] [::1]:53564 Accepted
[Thu Jul 23 00:08:44 2026] [::1]:49671 Accepted
[Thu Jul 23 00:08:44 2026] [::1]:54151 Accepted
[Thu Jul 23 00:08:44 2026] [::1]:53564 [200]: GET /js/data.js?v=3
[Thu Jul 23 00:08:44 2026] [::1]:49671 [200]: GET /assets/images/logo.png
[Thu Jul 23 00:08:44 2026] [::1]:54151 [200]: GET /js/main.js?v=12
[Thu Jul 23 00:08:44 2026] [::1]:53564 Closing
[Thu Jul 23 00:08:44 2026] [::1]:54151 Closing
[Thu Jul 23 00:08:44 2026] [::1]:55804 Accepted
[Thu Jul 23 00:08:44 2026] [::1]:49672 Accepted
[Thu Jul 23 00:08:44 2026] [::1]:55804 [200]: GET /js/cardapio-data.js?v=3
[Thu Jul 23 00:08:44 2026] [::1]:49672 [200]: GET /js/cardapio-pages.js?v=2
[Thu Jul 23 00:08:44 2026] [::1]:55804 Closing
[Thu Jul 23 00:08:44 2026] [::1]:49672 Closing
[Thu Jul 23 00:08:44 2026] [::1]:64804 Accepted
[Thu Jul 23 00:08:44 2026] [::1]:54169 Accepted
[Thu Jul 23 00:08:44 2026] [::1]:64804 [200]: GET /js/cardapio-flip.js?v=2
[Thu Jul 23 00:08:44 2026] [::1]:54169 [200]: GET /js/cardapio.js?v=2
[Thu Jul 23 00:08:44 2026] [::1]:64804 Closing
[Thu Jul 23 00:08:44 2026] [::1]:54169 Closing
[Thu Jul 23 00:08:44 2026] [::1]:58607 Accepted
[Thu Jul 23 00:08:44 2026] [::1]:49671 Closing
[Thu Jul 23 00:08:44 2026] [::1]:55105 Accepted
[Thu Jul 23 00:08:44 2026] [::1]:58607 [200]: GET /assets/fonts/playfair-800.woff2
[Thu Jul 23 00:08:44 2026] [::1]:58607 Closing
[Thu Jul 23 00:08:44 2026] [::1]:52326 Accepted
[Thu Jul 23 00:08:44 2026] [::1]:55105 [200]: GET /assets/fonts/inter-800.woff2
[Thu Jul 23 00:08:44 2026] [::1]:55105 Closing
[Thu Jul 23 00:08:44 2026] [::1]:52326 [200]: GET /assets/fonts/playfair-regular.woff2
[Thu Jul 23 00:08:44 2026] [::1]:52326 Closing
[Thu Jul 23 00:08:44 2026] [::1]:61030 Closing
[Thu Jul 23 00:08:44 2026] [::1]:59717 Accepted
[Thu Jul 23 00:08:44 2026] [::1]:59717 [200]: GET /data/config.json
[Thu Jul 23 00:08:44 2026] [::1]:59717 Closing
[Thu Jul 23 00:08:44 2026] [::1]:51650 Accepted
[Thu Jul 23 00:08:44 2026] [::1]:51650 [200]: GET /assets/fonts/pacifico.woff2
[Thu Jul 23 00:08:44 2026] [::1]:51650 Closing
[Thu Jul 23 00:08:45 2026] [::1]:56041 Accepted
[Thu Jul 23 00:08:45 2026] [::1]:56041 [200]: GET /assets/images/logo.png
[Thu Jul 23 00:08:45 2026] [::1]:56041 Closing
[Thu Jul 23 00:08:45 2026] [::1]:56795 Accepted
[Thu Jul 23 00:08:45 2026] [::1]:52021 Accepted
[Thu Jul 23 00:08:45 2026] [::1]:56795 [200]: GET /assets/images/sexta-conquista.jpg
[Thu Jul 23 00:08:45 2026] [::1]:52021 [200]: GET /assets/images/quarta-almoco.jpg
[Thu Jul 23 00:08:45 2026] [::1]:56795 Closing
[Thu Jul 23 00:08:45 2026] [::1]:52021 Closing
[Thu Jul 23 00:08:45 2026] [::1]:50432 Accepted
[Thu Jul 23 00:08:45 2026] [::1]:50432 [200]: GET /assets/images/mini-pasteis.jpg
[Thu Jul 23 00:08:45 2026] [::1]:50432 Closing
[Thu Jul 23 00:08:49 2026] [::1]:49379 Accepted
[Thu Jul 23 00:08:49 2026] [::1]:49379 [200]: GET /assets/images/marmitex.png
[Thu Jul 23 00:08:49 2026] [::1]:49379 Closing
[Thu Jul 23 00:14:31 2026] [::1]:63445 Accepted
[Thu Jul 23 00:14:31 2026] [::1]:63445 [200]: GET /admin/?module=cardapio
[Thu Jul 23 00:14:31 2026] [::1]:63445 Closing
[Thu Jul 23 00:14:31 2026] [::1]:63446 Accepted
[Thu Jul 23 00:14:31 2026] [::1]:63446 [200]: GET /admin/assets/cardapio-view.js
[Thu Jul 23 00:14:31 2026] [::1]:63446 Closing
[Thu Jul 23 00:14:31 2026] [::1]:63447 Accepted
[Thu Jul 23 00:14:31 2026] [::1]:63447 [200]: GET /admin/assets/admin.css
[Thu Jul 23 00:14:31 2026] [::1]:63447 Closing
[Thu Jul 23 00:14:34 2026] [::1]:63448 Accepted
[Thu Jul 23 00:14:34 2026] [::1]:63448 [200]: GET /admin/assets/admin.css
[Thu Jul 23 00:14:34 2026] [::1]:63448 Closing
[Thu Jul 23 00:15:04 2026] [::1]:63450 Accepted
[Thu Jul 23 00:15:04 2026] [::1]:63450 [200]: GET /admin/api/cardapio_get.php
[Thu Jul 23 00:15:04 2026] [::1]:63450 Closing
[Thu Jul 23 00:15:46 2026] [::1]:63462 Accepted
[Thu Jul 23 00:15:46 2026] [::1]:63462 [200]: GET /admin/api/cardapio_get.php
[Thu Jul 23 00:15:46 2026] [::1]:63462 Closing
[Thu Jul 23 00:15:47 2026] [::1]:63463 Accepted
[Thu Jul 23 00:15:47 2026] [::1]:63463 [200]: POST /admin/api/cardapio_save.php
[Thu Jul 23 00:15:47 2026] [::1]:63463 Closing
[Thu Jul 23 00:16:02 2026] [::1]:63468 Accepted
[Thu Jul 23 00:16:02 2026] [::1]:63468 [200]: GET /admin/api/cardapio_get.php
[Thu Jul 23 00:16:02 2026] [::1]:63468 Closing
[Thu Jul 23 00:16:02 2026] [::1]:63469 Accepted
[Thu Jul 23 00:16:02 2026] [::1]:63469 [200]: POST /admin/api/cardapio_save.php
[Thu Jul 23 00:16:02 2026] [::1]:63469 Closing
[Thu Jul 23 00:16:26 2026] [::1]:63473 Accepted
[Thu Jul 23 00:16:26 2026] [::1]:63473 [200]: GET /admin/?module=cardapio
[Thu Jul 23 00:16:26 2026] [::1]:63473 Closing
[Thu Jul 23 00:17:15 2026] [::1]:63484 Accepted
[Thu Jul 23 00:17:15 2026] [::1]:63484 [200]: GET /admin/?module=cardapio
[Thu Jul 23 00:17:15 2026] [::1]:63484 Closing
[Thu Jul 23 00:17:33 2026] [::1]:62719 Accepted
[Thu Jul 23 00:17:33 2026] [::1]:62719 [200]: GET /admin/?module=cardapio
[Thu Jul 23 00:17:33 2026] [::1]:62719 Closing
[Thu Jul 23 00:17:33 2026] [::1]:52896 Accepted
[Thu Jul 23 00:17:33 2026] [::1]:52896 [200]: GET /css/tokens.css?v=1
[Thu Jul 23 00:17:33 2026] [::1]:52896 Closing
[Thu Jul 23 00:17:33 2026] [::1]:51614 Accepted
[Thu Jul 23 00:17:33 2026] [::1]:54992 Accepted
[Thu Jul 23 00:17:33 2026] [::1]:61010 Accepted
[Thu Jul 23 00:17:33 2026] [::1]:61106 Accepted
[Thu Jul 23 00:17:33 2026] [::1]:55056 Accepted
[Thu Jul 23 00:17:33 2026] [::1]:51614 [200]: GET /css/reset.css?v=1
[Thu Jul 23 00:17:33 2026] [::1]:54992 [200]: GET /css/typography.css?v=1
[Thu Jul 23 00:17:33 2026] [::1]:61010 [200]: GET /admin/assets/admin.css?v=25
[Thu Jul 23 00:17:33 2026] [::1]:61106 [200]: GET /admin/assets/admin.js?v=25
[Thu Jul 23 00:17:33 2026] [::1]:55056 [200]: GET /admin/assets/cardapio-view.js?v=25
[Thu Jul 23 00:17:33 2026] [::1]:51614 Closing
[Thu Jul 23 00:17:33 2026] [::1]:54992 Closing
[Thu Jul 23 00:17:33 2026] [::1]:61010 Closing
[Thu Jul 23 00:17:33 2026] [::1]:61106 Closing
[Thu Jul 23 00:17:33 2026] [::1]:55056 Closing
[Thu Jul 23 00:17:33 2026] [::1]:51029 Accepted
[Thu Jul 23 00:17:33 2026] [::1]:51029 [200]: GET /admin/api/cardapio_get.php
[Thu Jul 23 00:17:33 2026] [::1]:51029 Closing
[Thu Jul 23 00:17:33 2026] [::1]:50947 Accepted
[Thu Jul 23 00:17:33 2026] [::1]:50947 [404]: GET /favicon.ico - No such file or directory
[Thu Jul 23 00:17:33 2026] [::1]:50947 Closing
[Thu Jul 23 00:21:16 2026] [::1]:50077 Accepted
[Thu Jul 23 00:21:16 2026] [::1]:50077 [200]: GET /admin/?module=cardapio
[Thu Jul 23 00:21:16 2026] [::1]:50077 Closing
[Thu Jul 23 00:21:16 2026] [::1]:50078 Accepted
[Thu Jul 23 00:21:16 2026] [::1]:50078 [200]: GET /admin/assets/admin.css
[Thu Jul 23 00:21:16 2026] [::1]:50078 Closing
[Thu Jul 23 00:21:22 2026] [::1]:55289 Accepted
[Thu Jul 23 00:21:22 2026] [::1]:55289 [200]: GET /admin/?module=cardapio
[Thu Jul 23 00:21:22 2026] [::1]:55289 Closing
[Thu Jul 23 00:21:22 2026] [::1]:63592 Accepted
[Thu Jul 23 00:21:22 2026] [::1]:63592 [200]: GET /css/tokens.css?v=1
[Thu Jul 23 00:21:22 2026] [::1]:63592 Closing
[Thu Jul 23 00:21:22 2026] [::1]:62257 Accepted
[Thu Jul 23 00:21:22 2026] [::1]:63605 Accepted
[Thu Jul 23 00:21:22 2026] [::1]:55028 Accepted
[Thu Jul 23 00:21:22 2026] [::1]:55345 Accepted
[Thu Jul 23 00:21:22 2026] [::1]:65086 Accepted
[Thu Jul 23 00:21:22 2026] [::1]:62257 [200]: GET /css/reset.css?v=1
[Thu Jul 23 00:21:22 2026] [::1]:63605 [200]: GET /css/typography.css?v=1
[Thu Jul 23 00:21:22 2026] [::1]:55028 [200]: GET /admin/assets/admin.css?v=25
[Thu Jul 23 00:21:22 2026] [::1]:55345 [200]: GET /admin/assets/admin.js?v=25
[Thu Jul 23 00:21:22 2026] [::1]:65086 [200]: GET /admin/assets/cardapio-view.js?v=25
[Thu Jul 23 00:21:22 2026] [::1]:62257 Closing
[Thu Jul 23 00:21:22 2026] [::1]:63605 Closing
[Thu Jul 23 00:21:22 2026] [::1]:55028 Closing
[Thu Jul 23 00:21:22 2026] [::1]:55345 Closing
[Thu Jul 23 00:21:22 2026] [::1]:65086 Closing
[Thu Jul 23 00:21:22 2026] [::1]:50786 Accepted
[Thu Jul 23 00:21:22 2026] [::1]:50786 [200]: GET /admin/api/cardapio_get.php
[Thu Jul 23 00:21:22 2026] [::1]:50786 Closing
[Thu Jul 23 00:21:22 2026] [::1]:52956 Accepted
[Thu Jul 23 00:21:22 2026] [::1]:52956 [404]: GET /favicon.ico - No such file or directory
[Thu Jul 23 00:21:22 2026] [::1]:52956 Closing
[Thu Jul 23 00:22:19 2026] [::1]:56302 Accepted
[Thu Jul 23 00:22:19 2026] [::1]:56302 [200]: GET /admin/?module=cardapio
[Thu Jul 23 00:22:19 2026] [::1]:56302 Closing
[Thu Jul 23 00:22:19 2026] [::1]:56009 Accepted
[Thu Jul 23 00:22:19 2026] [::1]:56009 [200]: GET /css/tokens.css?v=1
[Thu Jul 23 00:22:19 2026] [::1]:64392 Accepted
[Thu Jul 23 00:22:19 2026] [::1]:56009 Closing
[Thu Jul 23 00:22:19 2026] [::1]:50603 Accepted
[Thu Jul 23 00:22:19 2026] [::1]:51532 Accepted
[Thu Jul 23 00:22:19 2026] [::1]:64844 Accepted
[Thu Jul 23 00:22:19 2026] [::1]:62918 Accepted
[Thu Jul 23 00:22:19 2026] [::1]:64392 [200]: GET /css/reset.css?v=1
[Thu Jul 23 00:22:19 2026] [::1]:50603 [200]: GET /css/typography.css?v=1
[Thu Jul 23 00:22:19 2026] [::1]:51532 [200]: GET /admin/assets/admin.css?v=25
[Thu Jul 23 00:22:19 2026] [::1]:64844 [200]: GET /admin/assets/admin.js?v=25
[Thu Jul 23 00:22:19 2026] [::1]:62918 [200]: GET /admin/assets/cardapio-view.js?v=25
[Thu Jul 23 00:22:19 2026] [::1]:64392 Closing
[Thu Jul 23 00:22:19 2026] [::1]:50603 Closing
[Thu Jul 23 00:22:19 2026] [::1]:51532 Closing
[Thu Jul 23 00:22:19 2026] [::1]:64844 Closing
[Thu Jul 23 00:22:19 2026] [::1]:62918 Closing
[Thu Jul 23 00:22:19 2026] [::1]:57836 Accepted
[Thu Jul 23 00:22:19 2026] [::1]:57836 [200]: GET /admin/api/cardapio_get.php
[Thu Jul 23 00:22:19 2026] [::1]:57836 Closing
[Thu Jul 23 00:22:19 2026] [::1]:57639 Accepted
[Thu Jul 23 00:22:19 2026] [::1]:57639 [404]: GET /favicon.ico - No such file or directory
[Thu Jul 23 00:22:19 2026] [::1]:57639 Closing
[Thu Jul 23 00:25:11 2026] [::1]:49334 Accepted
[Thu Jul 23 00:25:11 2026] [::1]:49334 [200]: GET /admin/?module=cardapio
[Thu Jul 23 00:25:11 2026] [::1]:49334 Closing
[Thu Jul 23 00:25:17 2026] [::1]:62089 Accepted
[Thu Jul 23 00:25:17 2026] [::1]:62089 [200]: GET /admin/?module=cardapio
[Thu Jul 23 00:25:17 2026] [::1]:62089 Closing
[Thu Jul 23 00:25:17 2026] [::1]:56648 Accepted
[Thu Jul 23 00:25:17 2026] [::1]:56648 [200]: GET /css/tokens.css?v=1
[Thu Jul 23 00:25:17 2026] [::1]:56648 Closing
[Thu Jul 23 00:25:17 2026] [::1]:56888 Accepted
[Thu Jul 23 00:25:17 2026] [::1]:49847 Accepted
[Thu Jul 23 00:25:17 2026] [::1]:62199 Accepted
[Thu Jul 23 00:25:17 2026] [::1]:64823 Accepted
[Thu Jul 23 00:25:17 2026] [::1]:58768 Accepted
[Thu Jul 23 00:25:17 2026] [::1]:56888 [200]: GET /css/reset.css?v=1
[Thu Jul 23 00:25:17 2026] [::1]:49847 [200]: GET /css/typography.css?v=1
[Thu Jul 23 00:25:17 2026] [::1]:62199 [200]: GET /admin/assets/admin.css?v=25
[Thu Jul 23 00:25:17 2026] [::1]:64823 [200]: GET /admin/assets/admin.js?v=25
[Thu Jul 23 00:25:17 2026] [::1]:56888 Closing
[Thu Jul 23 00:25:17 2026] [::1]:58768 [200]: GET /admin/assets/cardapio-view.js?v=25
[Thu Jul 23 00:25:17 2026] [::1]:49847 Closing
[Thu Jul 23 00:25:17 2026] [::1]:62199 Closing
[Thu Jul 23 00:25:17 2026] [::1]:64823 Closing
[Thu Jul 23 00:25:17 2026] [::1]:58768 Closing
[Thu Jul 23 00:25:17 2026] [::1]:63333 Accepted
[Thu Jul 23 00:25:17 2026] [::1]:63333 [200]: GET /admin/api/cardapio_get.php
[Thu Jul 23 00:25:17 2026] [::1]:63333 Closing
[Thu Jul 23 00:25:17 2026] [::1]:58743 Accepted
[Thu Jul 23 00:25:17 2026] [::1]:58743 [404]: GET /favicon.ico - No such file or directory
[Thu Jul 23 00:25:17 2026] [::1]:58743 Closing
[Thu Jul 23 00:29:21 2026] [::1]:52842 Accepted
[Thu Jul 23 00:29:21 2026] [::1]:52842 [200]: GET /admin/?module=cardapio
[Thu Jul 23 00:29:21 2026] [::1]:52842 Closing
[Thu Jul 23 00:29:30 2026] [::1]:57187 Accepted
[Thu Jul 23 00:29:30 2026] [::1]:57187 [200]: GET /admin/?module=cardapio
[Thu Jul 23 00:29:30 2026] [::1]:57187 Closing
[Thu Jul 23 00:29:30 2026] [::1]:52582 Accepted
[Thu Jul 23 00:29:30 2026] [::1]:52582 [200]: GET /css/tokens.css?v=1
[Thu Jul 23 00:29:30 2026] [::1]:52582 Closing
[Thu Jul 23 00:29:30 2026] [::1]:52321 Accepted
[Thu Jul 23 00:29:30 2026] [::1]:54058 Accepted
[Thu Jul 23 00:29:30 2026] [::1]:64731 Accepted
[Thu Jul 23 00:29:30 2026] [::1]:59244 Accepted
[Thu Jul 23 00:29:30 2026] [::1]:54060 Accepted
[Thu Jul 23 00:29:30 2026] [::1]:52321 [200]: GET /css/reset.css?v=1
[Thu Jul 23 00:29:30 2026] [::1]:54058 [200]: GET /css/typography.css?v=1
[Thu Jul 23 00:29:30 2026] [::1]:64731 [200]: GET /admin/assets/admin.css?v=25
[Thu Jul 23 00:29:30 2026] [::1]:59244 [200]: GET /admin/assets/admin.js?v=25
[Thu Jul 23 00:29:30 2026] [::1]:54060 [200]: GET /admin/assets/cardapio-view.js?v=25
[Thu Jul 23 00:29:30 2026] [::1]:52321 Closing
[Thu Jul 23 00:29:30 2026] [::1]:54058 Closing
[Thu Jul 23 00:29:30 2026] [::1]:64731 Closing
[Thu Jul 23 00:29:30 2026] [::1]:59244 Closing
[Thu Jul 23 00:29:30 2026] [::1]:54060 Closing
[Thu Jul 23 00:29:30 2026] [::1]:61584 Accepted
[Thu Jul 23 00:29:30 2026] [::1]:61584 [200]: GET /admin/api/cardapio_get.php
[Thu Jul 23 00:29:30 2026] [::1]:61584 Closing
[Thu Jul 23 00:29:30 2026] [::1]:64000 Accepted
[Thu Jul 23 00:29:30 2026] [::1]:64000 [404]: GET /favicon.ico - No such file or directory
[Thu Jul 23 00:29:30 2026] [::1]:64000 Closing
[Thu Jul 23 00:32:05 2026] [::1]:64023 Accepted
[Thu Jul 23 00:32:05 2026] [::1]:64023 [200]: GET /admin/?module=cardapio
[Thu Jul 23 00:32:05 2026] [::1]:64023 Closing
[Thu Jul 23 00:34:32 2026] [::1]:61309 Accepted
[Thu Jul 23 00:34:32 2026] [::1]:61309 [200]: GET /admin/?module=cardapio
[Thu Jul 23 00:34:32 2026] [::1]:61309 Closing
[Thu Jul 23 00:34:32 2026] [::1]:57882 Accepted
[Thu Jul 23 00:34:32 2026] [::1]:57882 [200]: GET /css/tokens.css?v=1
[Thu Jul 23 00:34:32 2026] [::1]:57882 Closing
[Thu Jul 23 00:34:32 2026] [::1]:56020 Accepted
[Thu Jul 23 00:34:32 2026] [::1]:51131 Accepted
[Thu Jul 23 00:34:32 2026] [::1]:60587 Accepted
[Thu Jul 23 00:34:32 2026] [::1]:58889 Accepted
[Thu Jul 23 00:34:32 2026] [::1]:51611 Accepted
[Thu Jul 23 00:34:32 2026] [::1]:56020 [200]: GET /css/reset.css?v=1
[Thu Jul 23 00:34:32 2026] [::1]:51131 [200]: GET /css/typography.css?v=1
[Thu Jul 23 00:34:32 2026] [::1]:60587 [200]: GET /admin/assets/admin.css?v=25
[Thu Jul 23 00:34:32 2026] [::1]:58889 [200]: GET /admin/assets/admin.js?v=25
[Thu Jul 23 00:34:32 2026] [::1]:51611 [200]: GET /admin/assets/cardapio-view.js?v=25
[Thu Jul 23 00:34:32 2026] [::1]:56020 Closing
[Thu Jul 23 00:34:32 2026] [::1]:51131 Closing
[Thu Jul 23 00:34:32 2026] [::1]:60587 Closing
[Thu Jul 23 00:34:32 2026] [::1]:58889 Closing
[Thu Jul 23 00:34:32 2026] [::1]:51611 Closing
[Thu Jul 23 00:34:32 2026] [::1]:57800 Accepted
[Thu Jul 23 00:34:32 2026] [::1]:57800 [200]: GET /admin/api/cardapio_get.php
[Thu Jul 23 00:34:32 2026] [::1]:57800 Closing
[Thu Jul 23 00:34:32 2026] [::1]:62939 Accepted
[Thu Jul 23 00:34:32 2026] [::1]:62939 [404]: GET /favicon.ico - No such file or directory
[Thu Jul 23 00:34:32 2026] [::1]:62939 Closing
[Thu Jul 23 00:36:42 2026] [::1]:62803 Accepted
[Thu Jul 23 00:36:42 2026] [::1]:62803 [200]: GET /admin/?module=cardapio
[Thu Jul 23 00:36:42 2026] [::1]:62803 Closing
[Thu Jul 23 00:36:42 2026] [::1]:57270 Accepted
[Thu Jul 23 00:36:42 2026] [::1]:51994 Accepted
[Thu Jul 23 00:36:42 2026] [::1]:57270 [200]: GET /css/tokens.css?v=1
[Thu Jul 23 00:36:42 2026] [::1]:52459 Accepted
[Thu Jul 23 00:36:42 2026] [::1]:51994 [200]: GET /css/reset.css?v=1
[Thu Jul 23 00:36:42 2026] [::1]:64451 Accepted
[Thu Jul 23 00:36:43 2026] [::1]:52459 [200]: GET /css/typography.css?v=1
[Thu Jul 23 00:36:43 2026] [::1]:50411 Accepted
[Thu Jul 23 00:36:43 2026] [::1]:64451 [200]: GET /admin/assets/admin.css?v=25
[Thu Jul 23 00:36:43 2026] [::1]:57270 Closing
[Thu Jul 23 00:36:43 2026] [::1]:57832 Accepted
[Thu Jul 23 00:36:43 2026] [::1]:50411 [200]: GET /admin/assets/admin.js?v=25
[Thu Jul 23 00:36:43 2026] [::1]:51994 Closing
[Thu Jul 23 00:36:43 2026] [::1]:57832 [200]: GET /admin/assets/cardapio-view.js?v=25
[Thu Jul 23 00:36:43 2026] [::1]:52459 Closing
[Thu Jul 23 00:36:43 2026] [::1]:64451 Closing
[Thu Jul 23 00:36:43 2026] [::1]:50411 Closing
[Thu Jul 23 00:36:43 2026] [::1]:57832 Closing
[Thu Jul 23 00:36:43 2026] [::1]:49355 Accepted
[Thu Jul 23 00:36:43 2026] [::1]:49355 [200]: GET /admin/api/cardapio_get.php
[Thu Jul 23 00:36:43 2026] [::1]:49355 Closing
[Thu Jul 23 00:36:43 2026] [::1]:57046 Accepted
[Thu Jul 23 00:36:43 2026] [::1]:57046 [404]: GET /favicon.ico - No such file or directory
[Thu Jul 23 00:36:43 2026] [::1]:57046 Closing
[Thu Jul 23 00:36:50 2026] [::1]:53141 Accepted
[Thu Jul 23 00:36:50 2026] [::1]:53141 [200]: GET /admin/?module=contato
[Thu Jul 23 00:36:50 2026] [::1]:53141 Closing
[Thu Jul 23 00:36:50 2026] [::1]:52588 Accepted
[Thu Jul 23 00:36:50 2026] [::1]:50124 Accepted
[Thu Jul 23 00:36:50 2026] [::1]:52588 [200]: GET /css/tokens.css?v=1
[Thu Jul 23 00:36:50 2026] [::1]:59914 Accepted
[Thu Jul 23 00:36:50 2026] [::1]:50124 [200]: GET /css/reset.css?v=1
[Thu Jul 23 00:36:50 2026] [::1]:60390 Accepted
[Thu Jul 23 00:36:50 2026] [::1]:59914 [200]: GET /css/typography.css?v=1
[Thu Jul 23 00:36:50 2026] [::1]:60390 [200]: GET /admin/assets/admin.css?v=25
[Thu Jul 23 00:36:50 2026] [::1]:52588 Closing
[Thu Jul 23 00:36:50 2026] [::1]:64766 Accepted
[Thu Jul 23 00:36:50 2026] [::1]:50124 Closing
[Thu Jul 23 00:36:50 2026] [::1]:64766 [200]: GET /admin/assets/admin.js?v=25
[Thu Jul 23 00:36:50 2026] [::1]:59914 Closing
[Thu Jul 23 00:36:50 2026] [::1]:51633 Accepted
[Thu Jul 23 00:36:50 2026] [::1]:60390 Closing
[Thu Jul 23 00:36:50 2026] [::1]:64766 Closing
[Thu Jul 23 00:36:51 2026] [::1]:51633 [200]: GET /admin/assets/contact-view.js?v=25
[Thu Jul 23 00:36:51 2026] [::1]:51633 Closing
[Thu Jul 23 00:36:51 2026] [::1]:60440 Accepted
[Thu Jul 23 00:36:51 2026] [::1]:60440 [200]: GET /admin/api/contact_get.php
[Thu Jul 23 00:36:51 2026] [::1]:60440 Closing
[Thu Jul 23 00:36:51 2026] [::1]:62574 Accepted
[Thu Jul 23 00:36:51 2026] [::1]:62574 [200]: GET /admin/?module=cardapio
[Thu Jul 23 00:36:51 2026] [::1]:62574 Closing
[Thu Jul 23 00:36:51 2026] [::1]:50384 Accepted
[Thu Jul 23 00:36:51 2026] [::1]:50384 [200]: GET /css/tokens.css?v=1
[Thu Jul 23 00:36:51 2026] [::1]:50384 Closing
[Thu Jul 23 00:36:51 2026] [::1]:58905 Accepted
[Thu Jul 23 00:36:51 2026] [::1]:61367 Accepted
[Thu Jul 23 00:36:51 2026] [::1]:61891 Accepted
[Thu Jul 23 00:36:51 2026] [::1]:58905 [200]: GET /css/reset.css?v=1
[Thu Jul 23 00:36:51 2026] [::1]:61367 [200]: GET /css/typography.css?v=1
[Thu Jul 23 00:36:51 2026] [::1]:61891 [200]: GET /admin/assets/admin.css?v=25
[Thu Jul 23 00:36:51 2026] [::1]:60008 Accepted
[Thu Jul 23 00:36:51 2026] [::1]:58905 Closing
[Thu Jul 23 00:36:51 2026] [::1]:60008 [200]: GET /admin/assets/admin.js?v=25
[Thu Jul 23 00:36:51 2026] [::1]:61367 Closing
[Thu Jul 23 00:36:51 2026] [::1]:61891 Closing
[Thu Jul 23 00:36:51 2026] [::1]:60008 Closing
[Thu Jul 23 00:36:51 2026] [::1]:53116 Accepted
[Thu Jul 23 00:36:51 2026] [::1]:53116 [200]: GET /admin/assets/cardapio-view.js?v=25
[Thu Jul 23 00:36:51 2026] [::1]:53116 Closing
[Thu Jul 23 00:36:51 2026] [::1]:52338 Accepted
[Thu Jul 23 00:36:51 2026] [::1]:52338 [200]: GET /admin/api/cardapio_get.php
[Thu Jul 23 00:36:51 2026] [::1]:52338 Closing
[Thu Jul 23 00:37:36 2026] [::1]:59984 Accepted
[Thu Jul 23 00:37:36 2026] [::1]:59984 [200]: POST /admin/api/cardapio_save.php
[Thu Jul 23 00:37:36 2026] [::1]:59984 Closing
[Thu Jul 23 00:37:36 2026] [::1]:59130 Accepted
[Thu Jul 23 00:37:36 2026] [::1]:59130 [200]: GET /data/config.json
[Thu Jul 23 00:37:36 2026] [::1]:59130 Closing
[Thu Jul 23 00:37:36 2026] [::1]:56532 Accepted
[Thu Jul 23 00:37:36 2026] [::1]:56472 Accepted
[Thu Jul 23 00:37:36 2026] [::1]:63561 Accepted
[Thu Jul 23 00:37:36 2026] [::1]:56532 [200]: GET /data/cardapio-sections.json
[Thu Jul 23 00:37:36 2026] [::1]:56472 [200]: GET /data/config.json
[Thu Jul 23 00:37:36 2026] [::1]:63561 [200]: GET /data/cardapio-sections.json
[Thu Jul 23 00:37:36 2026] [::1]:56532 Closing
[Thu Jul 23 00:37:36 2026] [::1]:56472 Closing
[Thu Jul 23 00:37:36 2026] [::1]:63561 Closing
[Thu Jul 23 00:37:36 2026] [::1]:63051 Accepted
[Thu Jul 23 00:37:36 2026] [::1]:63051 [200]: GET /assets/images/logo.png
[Thu Jul 23 00:37:36 2026] [::1]:63051 Closing
[Thu Jul 23 00:37:38 2026] [::1]:49671 Accepted
[Thu Jul 23 00:37:38 2026] [::1]:53351 Accepted
[Thu Jul 23 00:37:38 2026] [::1]:49671 [200]: GET /
[Thu Jul 23 00:37:38 2026] [::1]:49671 Closing
[Thu Jul 23 00:37:38 2026] [::1]:53351 [200]: GET /assets/fonts/fonts.css
[Thu Jul 23 00:37:38 2026] [::1]:57379 Accepted
[Thu Jul 23 00:37:38 2026] [::1]:61928 Accepted
[Thu Jul 23 00:37:38 2026] [::1]:57379 [200]: GET /css/reset.css
[Thu Jul 23 00:37:38 2026] [::1]:53538 Accepted
[Thu Jul 23 00:37:38 2026] [::1]:61928 [200]: GET /css/tokens.css
[Thu Jul 23 00:37:38 2026] [::1]:53351 Closing
[Thu Jul 23 00:37:38 2026] [::1]:56719 Accepted
[Thu Jul 23 00:37:38 2026] [::1]:53538 [200]: GET /css/typography.css
[Thu Jul 23 00:37:38 2026] [::1]:49879 Accepted
[Thu Jul 23 00:37:38 2026] [::1]:56719 [200]: GET /css/components.css
[Thu Jul 23 00:37:38 2026] [::1]:57379 Closing
[Thu Jul 23 00:37:38 2026] [::1]:52557 Accepted
[Thu Jul 23 00:37:38 2026] [::1]:49879 [200]: GET /css/layout.css?v=3
[Thu Jul 23 00:37:38 2026] [::1]:61928 Closing
[Thu Jul 23 00:37:38 2026] [::1]:58173 Accepted
[Thu Jul 23 00:37:38 2026] [::1]:52557 [200]: GET /css/animations.css
[Thu Jul 23 00:37:38 2026] [::1]:53538 Closing
[Thu Jul 23 00:37:38 2026] [::1]:50969 Accepted
[Thu Jul 23 00:37:38 2026] [::1]:58173 [200]: GET /css/cardapio.css
[Thu Jul 23 00:37:38 2026] [::1]:56719 Closing
[Thu Jul 23 00:37:38 2026] [::1]:56384 Accepted
[Thu Jul 23 00:37:38 2026] [::1]:50969 [200]: GET /css/responsive.css
[Thu Jul 23 00:37:38 2026] [::1]:49879 Closing
[Thu Jul 23 00:37:38 2026] [::1]:50935 Accepted
[Thu Jul 23 00:37:38 2026] [::1]:56384 [200]: GET /js/data.js?v=3
[Thu Jul 23 00:37:38 2026] [::1]:52557 Closing
[Thu Jul 23 00:37:38 2026] [::1]:54286 Accepted
[Thu Jul 23 00:37:38 2026] [::1]:50935 [200]: GET /assets/images/conjunto.png
[Thu Jul 23 00:37:38 2026] [::1]:58173 Closing
[Thu Jul 23 00:37:38 2026] [::1]:53405 Accepted
[Thu Jul 23 00:37:38 2026] [::1]:54286 [200]: GET /js/main.js?v=12
[Thu Jul 23 00:37:38 2026] [::1]:50969 Closing
[Thu Jul 23 00:37:38 2026] [::1]:60735 Accepted
[Thu Jul 23 00:37:38 2026] [::1]:53405 [200]: GET /assets/images/logo.png
[Thu Jul 23 00:37:38 2026] [::1]:56384 Closing
[Thu Jul 23 00:37:38 2026] [::1]:58927 Accepted
[Thu Jul 23 00:37:39 2026] [::1]:60735 [200]: GET /js/cardapio-data.js?v=3
[Thu Jul 23 00:37:39 2026] [::1]:64129 Accepted
[Thu Jul 23 00:37:39 2026] [::1]:58927 [200]: GET /js/cardapio-pages.js?v=2
[Thu Jul 23 00:37:39 2026] [::1]:54286 Closing
[Thu Jul 23 00:37:39 2026] [::1]:51479 Accepted
[Thu Jul 23 00:37:39 2026] [::1]:64129 [200]: GET /assets/fonts/inter-800.woff2
[Thu Jul 23 00:37:39 2026] [::1]:51479 [200]: GET /assets/fonts/playfair-800.woff2
[Thu Jul 23 00:37:39 2026] [::1]:60735 Closing
[Thu Jul 23 00:37:39 2026] [::1]:56196 Accepted
[Thu Jul 23 00:37:39 2026] [::1]:58927 Closing
[Thu Jul 23 00:37:39 2026] [::1]:56196 [200]: GET /assets/fonts/playfair-regular.woff2
[Thu Jul 23 00:37:39 2026] [::1]:64129 Closing
[Thu Jul 23 00:37:39 2026] [::1]:57894 Accepted
[Thu Jul 23 00:37:39 2026] [::1]:51479 Closing
[Thu Jul 23 00:37:39 2026] [::1]:57947 Accepted
[Thu Jul 23 00:37:39 2026] [::1]:57894 [200]: GET /js/cardapio-flip.js?v=2
[Thu Jul 23 00:37:39 2026] [::1]:53547 Accepted
[Thu Jul 23 00:37:39 2026] [::1]:57947 [200]: GET /js/cardapio.js?v=2
[Thu Jul 23 00:37:39 2026] [::1]:56196 Closing
[Thu Jul 23 00:37:39 2026] [::1]:51111 Accepted
[Thu Jul 23 00:37:39 2026] [::1]:53547 [200]: GET /assets/images/quarta-almoco.jpg
[Thu Jul 23 00:37:39 2026] [::1]:51111 [200]: GET /assets/images/sexta-conquista.jpg
[Thu Jul 23 00:37:39 2026] [::1]:53405 Closing
[Thu Jul 23 00:37:39 2026] [::1]:57894 Closing
[Thu Jul 23 00:37:39 2026] [::1]:57947 Closing
[Thu Jul 23 00:37:39 2026] [::1]:53547 Closing
[Thu Jul 23 00:37:39 2026] [::1]:51111 Closing
[Thu Jul 23 00:37:39 2026] [::1]:50935 Closing
[Thu Jul 23 00:37:39 2026] [::1]:65367 Accepted
[Thu Jul 23 00:37:39 2026] [::1]:65367 [200]: GET /data/config.json
[Thu Jul 23 00:37:39 2026] [::1]:65367 Closing
[Thu Jul 23 00:37:39 2026] [::1]:53513 Accepted
[Thu Jul 23 00:37:39 2026] [::1]:53513 [200]: GET /assets/fonts/pacifico.woff2
[Thu Jul 23 00:37:39 2026] [::1]:53513 Closing
[Thu Jul 23 00:37:39 2026] [::1]:51998 Accepted
[Thu Jul 23 00:37:39 2026] [::1]:57198 Accepted
[Thu Jul 23 00:37:39 2026] [::1]:51998 [200]: GET /assets/images/logo.png
[Thu Jul 23 00:37:39 2026] [::1]:57198 [200]: GET /assets/images/mini-pasteis.jpg
[Thu Jul 23 00:37:39 2026] [::1]:57198 Closing
[Thu Jul 23 00:37:39 2026] [::1]:51998 Closing
[Thu Jul 23 00:37:50 2026] [::1]:59626 Accepted
[Thu Jul 23 00:37:50 2026] [::1]:59626 [200]: POST /admin/api/cardapio_save.php
[Thu Jul 23 00:37:50 2026] [::1]:59626 Closing
[Thu Jul 23 00:37:50 2026] [::1]:53363 Accepted
[Thu Jul 23 00:37:50 2026] [::1]:53363 [200]: GET /data/config.json
[Thu Jul 23 00:37:50 2026] [::1]:53363 Closing
[Thu Jul 23 00:37:50 2026] [::1]:50328 Accepted
[Thu Jul 23 00:37:50 2026] [::1]:55878 Accepted
[Thu Jul 23 00:37:50 2026] [::1]:50069 Accepted
[Thu Jul 23 00:37:50 2026] [::1]:50328 [200]: GET /data/cardapio-sections.json
[Thu Jul 23 00:37:50 2026] [::1]:55878 [200]: GET /data/config.json
[Thu Jul 23 00:37:50 2026] [::1]:50069 [200]: GET /data/cardapio-sections.json
[Thu Jul 23 00:37:50 2026] [::1]:50328 Closing
[Thu Jul 23 00:37:50 2026] [::1]:55878 Closing
[Thu Jul 23 00:37:50 2026] [::1]:50069 Closing
[Thu Jul 23 00:37:50 2026] [::1]:62873 Accepted
[Thu Jul 23 00:37:50 2026] [::1]:62873 [200]: GET /assets/images/logo.png
[Thu Jul 23 00:37:50 2026] [::1]:62873 Closing
[Thu Jul 23 00:37:53 2026] [::1]:60947 Accepted
[Thu Jul 23 00:37:53 2026] [::1]:62865 Accepted
[Thu Jul 23 00:37:53 2026] [::1]:60947 [200]: GET /
[Thu Jul 23 00:37:53 2026] [::1]:60947 Closing
[Thu Jul 23 00:37:53 2026] [::1]:62865 [200]: GET /assets/fonts/fonts.css
[Thu Jul 23 00:37:53 2026] [::1]:60444 Accepted
[Thu Jul 23 00:37:53 2026] [::1]:62865 Closing
[Thu Jul 23 00:37:53 2026] [::1]:57697 Accepted
[Thu Jul 23 00:37:53 2026] [::1]:60101 Accepted
[Thu Jul 23 00:37:53 2026] [::1]:59389 Accepted
[Thu Jul 23 00:37:53 2026] [::1]:60444 [200]: GET /css/reset.css
[Thu Jul 23 00:37:53 2026] [::1]:57697 [200]: GET /css/tokens.css
[Thu Jul 23 00:37:53 2026] [::1]:60101 [200]: GET /css/typography.css
[Thu Jul 23 00:37:53 2026] [::1]:59389 [200]: GET /css/components.css
[Thu Jul 23 00:37:53 2026] [::1]:60444 Closing
[Thu Jul 23 00:37:53 2026] [::1]:57697 Closing
[Thu Jul 23 00:37:53 2026] [::1]:60101 Closing
[Thu Jul 23 00:37:53 2026] [::1]:59389 Closing
[Thu Jul 23 00:37:53 2026] [::1]:52756 Accepted
[Thu Jul 23 00:37:53 2026] [::1]:64081 Accepted
[Thu Jul 23 00:37:53 2026] [::1]:55665 Accepted
[Thu Jul 23 00:37:53 2026] [::1]:60377 Accepted
[Thu Jul 23 00:37:53 2026] [::1]:52756 [200]: GET /css/layout.css?v=3
[Thu Jul 23 00:37:53 2026] [::1]:64081 [200]: GET /css/animations.css
[Thu Jul 23 00:37:53 2026] [::1]:52756 Closing
[Thu Jul 23 00:37:53 2026] [::1]:64081 Closing
[Thu Jul 23 00:37:53 2026] [::1]:55665 [200]: GET /css/cardapio.css
[Thu Jul 23 00:37:53 2026] [::1]:60377 [200]: GET /css/responsive.css
[Thu Jul 23 00:37:53 2026] [::1]:55665 Closing
[Thu Jul 23 00:37:53 2026] [::1]:60377 Closing
[Thu Jul 23 00:37:53 2026] [::1]:60663 Accepted
[Thu Jul 23 00:37:53 2026] [::1]:53847 Accepted
[Thu Jul 23 00:37:53 2026] [::1]:50752 Accepted
[Thu Jul 23 00:37:53 2026] [::1]:60663 [200]: GET /js/data.js?v=3
[Thu Jul 23 00:37:53 2026] [::1]:60663 Closing
[Thu Jul 23 00:37:53 2026] [::1]:53847 [200]: GET /assets/images/logo.png
[Thu Jul 23 00:37:53 2026] [::1]:50752 [200]: GET /assets/images/conjunto.png
[Thu Jul 23 00:37:53 2026] [::1]:56023 Accepted
[Thu Jul 23 00:37:53 2026] [::1]:52540 Accepted
[Thu Jul 23 00:37:53 2026] [::1]:54967 Accepted
[Thu Jul 23 00:37:53 2026] [::1]:56023 [200]: GET /js/main.js?v=12
[Thu Jul 23 00:37:53 2026] [::1]:56023 Closing
[Thu Jul 23 00:37:53 2026] [::1]:52540 [200]: GET /js/cardapio-data.js?v=3
[Thu Jul 23 00:37:53 2026] [::1]:54967 [200]: GET /js/cardapio-pages.js?v=2
[Thu Jul 23 00:37:53 2026] [::1]:52540 Closing
[Thu Jul 23 00:37:53 2026] [::1]:54967 Closing
[Thu Jul 23 00:37:53 2026] [::1]:49334 Accepted
[Thu Jul 23 00:37:53 2026] [::1]:49334 [200]: GET /js/cardapio-flip.js?v=2
[Thu Jul 23 00:37:53 2026] [::1]:49334 Closing
[Thu Jul 23 00:37:53 2026] [::1]:55363 Accepted
[Thu Jul 23 00:37:53 2026] [::1]:55363 [200]: GET /js/cardapio.js?v=2
[Thu Jul 23 00:37:53 2026] [::1]:51731 Accepted
[Thu Jul 23 00:37:53 2026] [::1]:55363 Closing
[Thu Jul 23 00:37:53 2026] [::1]:55812 Accepted
[Thu Jul 23 00:37:53 2026] [::1]:58359 Accepted
[Thu Jul 23 00:37:53 2026] [::1]:53847 Closing
[Thu Jul 23 00:37:53 2026] [::1]:51731 [200]: GET /assets/fonts/playfair-800.woff2
[Thu Jul 23 00:37:53 2026] [::1]:55812 [200]: GET /assets/fonts/inter-800.woff2
[Thu Jul 23 00:37:53 2026] [::1]:58359 [200]: GET /assets/fonts/playfair-regular.woff2
[Thu Jul 23 00:37:53 2026] [::1]:51731 Closing
[Thu Jul 23 00:37:53 2026] [::1]:55812 Closing
[Thu Jul 23 00:37:53 2026] [::1]:58359 Closing
[Thu Jul 23 00:37:53 2026] [::1]:50752 Closing
[Thu Jul 23 00:37:53 2026] [::1]:52253 Accepted
[Thu Jul 23 00:37:53 2026] [::1]:52253 [200]: GET /data/config.json
[Thu Jul 23 00:37:53 2026] [::1]:52253 Closing
[Thu Jul 23 00:37:53 2026] [::1]:60212 Accepted
[Thu Jul 23 00:37:53 2026] [::1]:60212 [200]: GET /assets/fonts/pacifico.woff2
[Thu Jul 23 00:37:53 2026] [::1]:60212 Closing
[Thu Jul 23 00:37:54 2026] [::1]:60908 Accepted
[Thu Jul 23 00:37:54 2026] [::1]:60908 [200]: GET /assets/images/logo.png
[Thu Jul 23 00:37:54 2026] [::1]:60908 Closing
[Thu Jul 23 00:37:54 2026] [::1]:61563 Accepted
[Thu Jul 23 00:37:54 2026] [::1]:63452 Accepted
[Thu Jul 23 00:37:54 2026] [::1]:54214 Accepted
[Thu Jul 23 00:37:54 2026] [::1]:61563 [200]: GET /assets/images/quarta-almoco.jpg
[Thu Jul 23 00:37:54 2026] [::1]:63452 [200]: GET /assets/images/sexta-conquista.jpg
[Thu Jul 23 00:37:54 2026] [::1]:54214 [200]: GET /assets/images/mini-pasteis.jpg
[Thu Jul 23 00:37:54 2026] [::1]:61563 Closing
[Thu Jul 23 00:37:54 2026] [::1]:63452 Closing
[Thu Jul 23 00:37:54 2026] [::1]:54214 Closing
[Thu Jul 23 00:37:58 2026] [::1]:50699 Accepted
[Thu Jul 23 00:37:58 2026] [::1]:50699 [200]: GET /assets/images/marmitex.png
[Thu Jul 23 00:37:58 2026] [::1]:50699 Closing
[Thu Jul 23 00:38:09 2026] [::1]:58992 Accepted
[Thu Jul 23 00:38:09 2026] [::1]:58992 [200]: POST /admin/api/cardapio_save.php
[Thu Jul 23 00:38:09 2026] [::1]:58992 Closing
[Thu Jul 23 00:38:09 2026] [::1]:60248 Accepted
[Thu Jul 23 00:38:09 2026] [::1]:60248 [200]: GET /data/config.json
[Thu Jul 23 00:38:09 2026] [::1]:60248 Closing
[Thu Jul 23 00:38:09 2026] [::1]:62849 Accepted
[Thu Jul 23 00:38:09 2026] [::1]:52801 Accepted
[Thu Jul 23 00:38:09 2026] [::1]:58851 Accepted
[Thu Jul 23 00:38:09 2026] [::1]:62849 [200]: GET /data/cardapio-sections.json
[Thu Jul 23 00:38:09 2026] [::1]:52801 [200]: GET /data/config.json
[Thu Jul 23 00:38:09 2026] [::1]:58851 [200]: GET /data/cardapio-sections.json
[Thu Jul 23 00:38:09 2026] [::1]:62849 Closing
[Thu Jul 23 00:38:09 2026] [::1]:52801 Closing
[Thu Jul 23 00:38:09 2026] [::1]:58851 Closing
[Thu Jul 23 00:38:09 2026] [::1]:56595 Accepted
[Thu Jul 23 00:38:09 2026] [::1]:56595 [200]: GET /assets/images/logo.png
[Thu Jul 23 00:38:09 2026] [::1]:56595 Closing
[Thu Jul 23 00:38:16 2026] [::1]:60117 Accepted
[Thu Jul 23 00:38:16 2026] [::1]:60117 [200]: POST /admin/api/cardapio_save.php
[Thu Jul 23 00:38:16 2026] [::1]:60117 Closing
[Thu Jul 23 00:38:16 2026] [::1]:58739 Accepted
[Thu Jul 23 00:38:16 2026] [::1]:58739 [200]: GET /data/config.json
[Thu Jul 23 00:38:16 2026] [::1]:58739 Closing
[Thu Jul 23 00:38:16 2026] [::1]:60943 Accepted
[Thu Jul 23 00:38:16 2026] [::1]:63772 Accepted
[Thu Jul 23 00:38:16 2026] [::1]:65073 Accepted
[Thu Jul 23 00:38:16 2026] [::1]:60943 [200]: GET /data/cardapio-sections.json
[Thu Jul 23 00:38:16 2026] [::1]:63772 [200]: GET /data/config.json
[Thu Jul 23 00:38:16 2026] [::1]:65073 [200]: GET /data/cardapio-sections.json
[Thu Jul 23 00:38:16 2026] [::1]:60943 Closing
[Thu Jul 23 00:38:16 2026] [::1]:63772 Closing
[Thu Jul 23 00:38:16 2026] [::1]:65073 Closing
[Thu Jul 23 00:38:24 2026] [::1]:62742 Accepted
[Thu Jul 23 00:38:24 2026] [::1]:62742 [200]: POST /admin/api/cardapio_save.php
[Thu Jul 23 00:38:24 2026] [::1]:62742 Closing
[Thu Jul 23 00:38:24 2026] [::1]:62977 Accepted
[Thu Jul 23 00:38:24 2026] [::1]:62977 [200]: GET /data/config.json
[Thu Jul 23 00:38:24 2026] [::1]:62977 Closing
[Thu Jul 23 00:38:24 2026] [::1]:64121 Accepted
[Thu Jul 23 00:38:24 2026] [::1]:54133 Accepted
[Thu Jul 23 00:38:24 2026] [::1]:51364 Accepted
[Thu Jul 23 00:38:24 2026] [::1]:64121 [200]: GET /data/cardapio-sections.json
[Thu Jul 23 00:38:24 2026] [::1]:54133 [200]: GET /data/config.json
[Thu Jul 23 00:38:24 2026] [::1]:51364 [200]: GET /data/cardapio-sections.json
[Thu Jul 23 00:38:24 2026] [::1]:64121 Closing
[Thu Jul 23 00:38:24 2026] [::1]:54133 Closing
[Thu Jul 23 00:38:24 2026] [::1]:51364 Closing
[Thu Jul 23 00:38:31 2026] [::1]:54505 Accepted
[Thu Jul 23 00:38:31 2026] [::1]:54505 [200]: POST /admin/api/cardapio_save.php
[Thu Jul 23 00:38:31 2026] [::1]:54505 Closing
[Thu Jul 23 00:38:31 2026] [::1]:55301 Accepted
[Thu Jul 23 00:38:31 2026] [::1]:62673 Accepted
[Thu Jul 23 00:38:31 2026] [::1]:55495 Accepted
[Thu Jul 23 00:38:31 2026] [::1]:54774 Accepted
[Thu Jul 23 00:38:31 2026] [::1]:55301 [200]: GET /data/config.json
[Thu Jul 23 00:38:31 2026] [::1]:55301 Closing
[Thu Jul 23 00:38:31 2026] [::1]:54774 [200]: GET /data/cardapio-sections.json
[Thu Jul 23 00:38:31 2026] [::1]:62673 [200]: GET /data/cardapio-sections.json
[Thu Jul 23 00:38:31 2026] [::1]:55495 [200]: GET /data/config.json
[Thu Jul 23 00:38:31 2026] [::1]:54774 Closing
[Thu Jul 23 00:38:31 2026] [::1]:62673 Closing
[Thu Jul 23 00:38:31 2026] [::1]:55495 Closing
[Thu Jul 23 00:38:39 2026] [::1]:50716 Accepted
[Thu Jul 23 00:38:39 2026] [::1]:50716 [200]: POST /admin/api/cardapio_save.php
[Thu Jul 23 00:38:39 2026] [::1]:50716 Closing
[Thu Jul 23 00:38:39 2026] [::1]:52939 Accepted
[Thu Jul 23 00:38:39 2026] [::1]:52939 [200]: GET /data/config.json
[Thu Jul 23 00:38:39 2026] [::1]:52939 Closing
[Thu Jul 23 00:38:39 2026] [::1]:62119 Accepted
[Thu Jul 23 00:38:39 2026] [::1]:65316 Accepted
[Thu Jul 23 00:38:39 2026] [::1]:58191 Accepted
[Thu Jul 23 00:38:39 2026] [::1]:62119 [200]: GET /data/cardapio-sections.json
[Thu Jul 23 00:38:39 2026] [::1]:65316 [200]: GET /data/config.json
[Thu Jul 23 00:38:39 2026] [::1]:58191 [200]: GET /data/cardapio-sections.json
[Thu Jul 23 00:38:39 2026] [::1]:62119 Closing
[Thu Jul 23 00:38:39 2026] [::1]:65316 Closing
[Thu Jul 23 00:38:39 2026] [::1]:58191 Closing
[Thu Jul 23 00:38:42 2026] [::1]:62861 Accepted
[Thu Jul 23 00:38:42 2026] [::1]:62861 [200]: GET /
[Thu Jul 23 00:38:42 2026] [::1]:62861 Closing
[Thu Jul 23 00:38:42 2026] [::1]:58535 Accepted
[Thu Jul 23 00:38:42 2026] [::1]:52310 Accepted
[Thu Jul 23 00:38:42 2026] [::1]:58535 [200]: GET /assets/fonts/fonts.css
[Thu Jul 23 00:38:42 2026] [::1]:58535 Closing
[Thu Jul 23 00:38:42 2026] [::1]:52310 [200]: GET /css/reset.css
[Thu Jul 23 00:38:42 2026] [::1]:52310 Closing
[Thu Jul 23 00:38:42 2026] [::1]:58855 Accepted
[Thu Jul 23 00:38:42 2026] [::1]:57812 Accepted
[Thu Jul 23 00:38:42 2026] [::1]:58978 Accepted
[Thu Jul 23 00:38:42 2026] [::1]:62786 Accepted
[Thu Jul 23 00:38:42 2026] [::1]:58855 [200]: GET /css/tokens.css
[Thu Jul 23 00:38:42 2026] [::1]:57812 [200]: GET /css/typography.css
[Thu Jul 23 00:38:42 2026] [::1]:58978 [200]: GET /css/components.css
[Thu Jul 23 00:38:42 2026] [::1]:62786 [200]: GET /css/layout.css?v=3
[Thu Jul 23 00:38:42 2026] [::1]:61501 Accepted
[Thu Jul 23 00:38:42 2026] [::1]:58855 Closing
[Thu Jul 23 00:38:42 2026] [::1]:57812 Closing
[Thu Jul 23 00:38:42 2026] [::1]:58978 Closing
[Thu Jul 23 00:38:42 2026] [::1]:62786 Closing
[Thu Jul 23 00:38:42 2026] [::1]:54434 Accepted
[Thu Jul 23 00:38:42 2026] [::1]:61501 [200]: GET /css/animations.css
[Thu Jul 23 00:38:42 2026] [::1]:54434 [200]: GET /css/cardapio.css
[Thu Jul 23 00:38:42 2026] [::1]:61501 Closing
[Thu Jul 23 00:38:42 2026] [::1]:54434 Closing
[Thu Jul 23 00:38:42 2026] [::1]:51692 Accepted
[Thu Jul 23 00:38:42 2026] [::1]:51692 [200]: GET /css/responsive.css
[Thu Jul 23 00:38:42 2026] [::1]:51692 Closing
[Thu Jul 23 00:38:42 2026] [::1]:62271 Accepted
[Thu Jul 23 00:38:42 2026] [::1]:61858 Accepted
[Thu Jul 23 00:38:42 2026] [::1]:63556 Accepted
[Thu Jul 23 00:38:42 2026] [::1]:58101 Accepted
[Thu Jul 23 00:38:42 2026] [::1]:62271 [200]: GET /js/data.js?v=3
[Thu Jul 23 00:38:42 2026] [::1]:61858 [200]: GET /assets/images/conjunto.png
[Thu Jul 23 00:38:42 2026] [::1]:63556 [200]: GET /assets/images/logo.png
[Thu Jul 23 00:38:42 2026] [::1]:58101 [200]: GET /js/main.js?v=12
[Thu Jul 23 00:38:42 2026] [::1]:62271 Closing
[Thu Jul 23 00:38:42 2026] [::1]:58101 Closing
[Thu Jul 23 00:38:42 2026] [::1]:54348 Accepted
[Thu Jul 23 00:38:42 2026] [::1]:61949 Accepted
[Thu Jul 23 00:38:42 2026] [::1]:54348 [200]: GET /js/cardapio-data.js?v=3
[Thu Jul 23 00:38:42 2026] [::1]:61949 [200]: GET /js/cardapio-pages.js?v=2
[Thu Jul 23 00:38:42 2026] [::1]:54348 Closing
[Thu Jul 23 00:38:42 2026] [::1]:61949 Closing
[Thu Jul 23 00:38:42 2026] [::1]:56136 Accepted
[Thu Jul 23 00:38:42 2026] [::1]:56136 [200]: GET /js/cardapio-flip.js?v=2
[Thu Jul 23 00:38:42 2026] [::1]:63488 Accepted
[Thu Jul 23 00:38:42 2026] [::1]:56136 Closing
[Thu Jul 23 00:38:42 2026] [::1]:63488 [200]: GET /js/cardapio.js?v=2
[Thu Jul 23 00:38:42 2026] [::1]:63488 Closing
[Thu Jul 23 00:38:42 2026] [::1]:63556 Closing
[Thu Jul 23 00:38:42 2026] [::1]:52847 Accepted
[Thu Jul 23 00:38:42 2026] [::1]:64118 Accepted
[Thu Jul 23 00:38:42 2026] [::1]:61511 Accepted
[Thu Jul 23 00:38:42 2026] [::1]:52847 [200]: GET /assets/fonts/playfair-800.woff2
[Thu Jul 23 00:38:42 2026] [::1]:64118 [200]: GET /assets/fonts/inter-800.woff2
[Thu Jul 23 00:38:42 2026] [::1]:61511 [200]: GET /assets/fonts/playfair-regular.woff2
[Thu Jul 23 00:38:42 2026] [::1]:52847 Closing
[Thu Jul 23 00:38:42 2026] [::1]:64118 Closing
[Thu Jul 23 00:38:42 2026] [::1]:61511 Closing
[Thu Jul 23 00:38:42 2026] [::1]:61858 Closing
[Thu Jul 23 00:38:42 2026] [::1]:57059 Accepted
[Thu Jul 23 00:38:42 2026] [::1]:57059 [200]: GET /data/config.json
[Thu Jul 23 00:38:42 2026] [::1]:57059 Closing
[Thu Jul 23 00:38:42 2026] [::1]:51845 Accepted
[Thu Jul 23 00:38:42 2026] [::1]:51845 [200]: GET /assets/fonts/pacifico.woff2
[Thu Jul 23 00:38:42 2026] [::1]:51845 Closing
[Thu Jul 23 00:38:43 2026] [::1]:55806 Accepted
[Thu Jul 23 00:38:43 2026] [::1]:55806 [200]: GET /assets/images/logo.png
[Thu Jul 23 00:38:43 2026] [::1]:55806 Closing
[Thu Jul 23 00:38:43 2026] [::1]:52257 Accepted
[Thu Jul 23 00:38:43 2026] [::1]:61799 Accepted
[Thu Jul 23 00:38:43 2026] [::1]:53208 Accepted
[Thu Jul 23 00:38:43 2026] [::1]:52257 [200]: GET /assets/images/quarta-almoco.jpg
[Thu Jul 23 00:38:43 2026] [::1]:61799 [200]: GET /assets/images/sexta-conquista.jpg
[Thu Jul 23 00:38:43 2026] [::1]:53208 [200]: GET /assets/images/mini-pasteis.jpg
[Thu Jul 23 00:38:43 2026] [::1]:52257 Closing
[Thu Jul 23 00:38:43 2026] [::1]:61799 Closing
[Thu Jul 23 00:38:43 2026] [::1]:53208 Closing
[Thu Jul 23 00:38:47 2026] [::1]:64609 Accepted
[Thu Jul 23 00:38:47 2026] [::1]:64609 [200]: GET /assets/images/marmitex.png
[Thu Jul 23 00:38:47 2026] [::1]:64609 Closing
[Thu Jul 23 00:39:12 2026] [::1]:62169 Accepted
[Thu Jul 23 00:39:12 2026] [::1]:62169 [200]: POST /admin/api/cardapio_save.php
[Thu Jul 23 00:39:12 2026] [::1]:62169 Closing
[Thu Jul 23 00:39:12 2026] [::1]:54225 Accepted
[Thu Jul 23 00:39:12 2026] [::1]:54225 [200]: GET /data/config.json
[Thu Jul 23 00:39:12 2026] [::1]:62806 Accepted
[Thu Jul 23 00:39:12 2026] [::1]:54225 Closing
[Thu Jul 23 00:39:12 2026] [::1]:58955 Accepted
[Thu Jul 23 00:39:12 2026] [::1]:61985 Accepted
[Thu Jul 23 00:39:12 2026] [::1]:62806 [200]: GET /data/cardapio-sections.json
[Thu Jul 23 00:39:12 2026] [::1]:58955 [200]: GET /data/config.json
[Thu Jul 23 00:39:12 2026] [::1]:61985 [200]: GET /data/cardapio-sections.json
[Thu Jul 23 00:39:12 2026] [::1]:62806 Closing
[Thu Jul 23 00:39:12 2026] [::1]:58955 Closing
[Thu Jul 23 00:39:12 2026] [::1]:61985 Closing
[Thu Jul 23 00:39:12 2026] [::1]:53913 Accepted
[Thu Jul 23 00:39:12 2026] [::1]:53913 [200]: GET /assets/images/logo.png
[Thu Jul 23 00:39:12 2026] [::1]:53913 Closing
[Thu Jul 23 00:39:14 2026] [::1]:61447 Accepted
[Thu Jul 23 00:39:14 2026] [::1]:57871 Accepted
[Thu Jul 23 00:39:14 2026] [::1]:61447 [200]: GET /
[Thu Jul 23 00:39:14 2026] [::1]:61447 Closing
[Thu Jul 23 00:39:14 2026] [::1]:57871 [200]: GET /assets/fonts/fonts.css
[Thu Jul 23 00:39:14 2026] [::1]:57871 Closing
[Thu Jul 23 00:39:14 2026] [::1]:57291 Accepted
[Thu Jul 23 00:39:14 2026] [::1]:54413 Accepted
[Thu Jul 23 00:39:14 2026] [::1]:62161 Accepted
[Thu Jul 23 00:39:14 2026] [::1]:64599 Accepted
[Thu Jul 23 00:39:14 2026] [::1]:56412 Accepted
[Thu Jul 23 00:39:14 2026] [::1]:57291 [200]: GET /css/reset.css
[Thu Jul 23 00:39:14 2026] [::1]:54413 [200]: GET /css/tokens.css
[Thu Jul 23 00:39:14 2026] [::1]:62161 [200]: GET /css/typography.css
[Thu Jul 23 00:39:14 2026] [::1]:57291 Closing
[Thu Jul 23 00:39:14 2026] [::1]:64599 [200]: GET /css/components.css
[Thu Jul 23 00:39:14 2026] [::1]:56412 [200]: GET /css/layout.css?v=3
[Thu Jul 23 00:39:14 2026] [::1]:54413 Closing
[Thu Jul 23 00:39:14 2026] [::1]:56165 Accepted
[Thu Jul 23 00:39:14 2026] [::1]:56165 [200]: GET /css/animations.css
[Thu Jul 23 00:39:14 2026] [::1]:62161 Closing
[Thu Jul 23 00:39:14 2026] [::1]:64599 Closing
[Thu Jul 23 00:39:14 2026] [::1]:56412 Closing
[Thu Jul 23 00:39:14 2026] [::1]:56165 Closing
[Thu Jul 23 00:39:14 2026] [::1]:62899 Accepted
[Thu Jul 23 00:39:14 2026] [::1]:65354 Accepted
[Thu Jul 23 00:39:14 2026] [::1]:62899 [200]: GET /css/cardapio.css
[Thu Jul 23 00:39:14 2026] [::1]:62899 Closing
[Thu Jul 23 00:39:14 2026] [::1]:65354 [200]: GET /css/responsive.css
[Thu Jul 23 00:39:14 2026] [::1]:65354 Closing
[Thu Jul 23 00:39:14 2026] [::1]:52437 Accepted
[Thu Jul 23 00:39:14 2026] [::1]:57198 Accepted
[Thu Jul 23 00:39:14 2026] [::1]:54644 Accepted
[Thu Jul 23 00:39:14 2026] [::1]:51613 Accepted
[Thu Jul 23 00:39:14 2026] [::1]:52437 [200]: GET /js/data.js?v=3
[Thu Jul 23 00:39:14 2026] [::1]:57198 [200]: GET /assets/images/logo.png
[Thu Jul 23 00:39:14 2026] [::1]:54644 [200]: GET /assets/images/conjunto.png
[Thu Jul 23 00:39:14 2026] [::1]:51613 [200]: GET /js/main.js?v=12
[Thu Jul 23 00:39:14 2026] [::1]:54473 Accepted
[Thu Jul 23 00:39:14 2026] [::1]:52437 Closing
[Thu Jul 23 00:39:14 2026] [::1]:56917 Accepted
[Thu Jul 23 00:39:14 2026] [::1]:51613 Closing
[Thu Jul 23 00:39:14 2026] [::1]:54473 [200]: GET /js/cardapio-data.js?v=3
[Thu Jul 23 00:39:14 2026] [::1]:56917 [200]: GET /js/cardapio-pages.js?v=2
[Thu Jul 23 00:39:14 2026] [::1]:54473 Closing
[Thu Jul 23 00:39:14 2026] [::1]:56917 Closing
[Thu Jul 23 00:39:14 2026] [::1]:56492 Accepted
[Thu Jul 23 00:39:14 2026] [::1]:52442 Accepted
[Thu Jul 23 00:39:14 2026] [::1]:56492 [200]: GET /js/cardapio-flip.js?v=2
[Thu Jul 23 00:39:14 2026] [::1]:52442 [200]: GET /js/cardapio.js?v=2
[Thu Jul 23 00:39:14 2026] [::1]:56492 Closing
[Thu Jul 23 00:39:14 2026] [::1]:52442 Closing
[Thu Jul 23 00:39:14 2026] [::1]:57198 Closing
[Thu Jul 23 00:39:14 2026] [::1]:59022 Accepted
[Thu Jul 23 00:39:14 2026] [::1]:57182 Accepted
[Thu Jul 23 00:39:14 2026] [::1]:59022 [200]: GET /assets/fonts/playfair-800.woff2
[Thu Jul 23 00:39:14 2026] [::1]:57182 [200]: GET /assets/fonts/inter-800.woff2
[Thu Jul 23 00:39:14 2026] [::1]:59022 Closing
[Thu Jul 23 00:39:14 2026] [::1]:57182 Closing
[Thu Jul 23 00:39:14 2026] [::1]:54644 Closing
[Thu Jul 23 00:39:14 2026] [::1]:57022 Accepted
[Thu Jul 23 00:39:14 2026] [::1]:57022 [200]: GET /assets/fonts/playfair-regular.woff2
[Thu Jul 23 00:39:14 2026] [::1]:57022 Closing
[Thu Jul 23 00:39:14 2026] [::1]:61731 Accepted
[Thu Jul 23 00:39:14 2026] [::1]:61731 [200]: GET /data/config.json
[Thu Jul 23 00:39:14 2026] [::1]:61731 Closing
[Thu Jul 23 00:39:14 2026] [::1]:55298 Accepted
[Thu Jul 23 00:39:14 2026] [::1]:55298 [200]: GET /assets/fonts/pacifico.woff2
[Thu Jul 23 00:39:14 2026] [::1]:55298 Closing
[Thu Jul 23 00:39:15 2026] [::1]:59465 Accepted
[Thu Jul 23 00:39:15 2026] [::1]:59465 [200]: GET /assets/images/logo.png
[Thu Jul 23 00:39:15 2026] [::1]:59465 Closing
[Thu Jul 23 00:39:15 2026] [::1]:64235 Accepted
[Thu Jul 23 00:39:15 2026] [::1]:57246 Accepted
[Thu Jul 23 00:39:15 2026] [::1]:64235 [200]: GET /assets/images/sexta-conquista.jpg
[Thu Jul 23 00:39:15 2026] [::1]:57246 [200]: GET /assets/images/quarta-almoco.jpg
[Thu Jul 23 00:39:15 2026] [::1]:64235 Closing
[Thu Jul 23 00:39:15 2026] [::1]:57246 Closing
[Thu Jul 23 00:39:15 2026] [::1]:56555 Accepted
[Thu Jul 23 00:39:15 2026] [::1]:56555 [200]: GET /assets/images/mini-pasteis.jpg
[Thu Jul 23 00:39:15 2026] [::1]:56555 Closing
[Thu Jul 23 00:39:19 2026] [::1]:51271 Accepted
[Thu Jul 23 00:39:19 2026] [::1]:51271 [200]: GET /assets/images/marmitex.png
[Thu Jul 23 00:39:19 2026] [::1]:51271 Closing
[Thu Jul 23 00:39:32 2026] [::1]:61084 Accepted
[Thu Jul 23 00:39:32 2026] [::1]:61084 [200]: GET /assets/images/copa.svg
[Thu Jul 23 00:39:32 2026] [::1]:61084 Closing
[Thu Jul 23 00:41:01 2026] [::1]:53458 Accepted
[Thu Jul 23 00:41:02 2026] [::1]:53458 [200]: GET /admin/?module=imagens
[Thu Jul 23 00:41:02 2026] [::1]:53458 Closing
[Thu Jul 23 00:41:02 2026] [::1]:52743 Accepted
[Thu Jul 23 00:41:02 2026] [::1]:57580 Accepted
[Thu Jul 23 00:41:02 2026] [::1]:52743 [200]: GET /css/tokens.css?v=1
[Thu Jul 23 00:41:02 2026] [::1]:53664 Accepted
[Thu Jul 23 00:41:02 2026] [::1]:57580 [200]: GET /css/reset.css?v=1
[Thu Jul 23 00:41:02 2026] [::1]:49202 Accepted
[Thu Jul 23 00:41:02 2026] [::1]:53664 [200]: GET /css/typography.css?v=1
[Thu Jul 23 00:41:02 2026] [::1]:49202 [200]: GET /admin/assets/admin.css?v=25
[Thu Jul 23 00:41:02 2026] [::1]:52743 Closing
[Thu Jul 23 00:41:02 2026] [::1]:57580 Closing
[Thu Jul 23 00:41:02 2026] [::1]:53664 Closing
[Thu Jul 23 00:41:02 2026] [::1]:49202 Closing
[Thu Jul 23 00:41:02 2026] [::1]:53456 Accepted
[Thu Jul 23 00:41:02 2026] [::1]:53456 [200]: GET /admin/assets/admin.js?v=25
[Thu Jul 23 00:41:02 2026] [::1]:53456 Closing
[Thu Jul 23 00:41:02 2026] [::1]:54637 Accepted
[Thu Jul 23 00:41:02 2026] [::1]:54637 [200]: GET /admin/assets/images-view.js?v=25
[Thu Jul 23 00:41:02 2026] [::1]:54637 Closing
[Thu Jul 23 00:41:02 2026] [::1]:59024 Accepted
[Thu Jul 23 00:41:02 2026] [::1]:59024 [200]: GET /admin/api/images_list.php
[Thu Jul 23 00:41:02 2026] [::1]:59024 Closing
[Thu Jul 23 00:41:02 2026] [::1]:64116 Accepted
[Thu Jul 23 00:41:02 2026] [::1]:64116 [404]: GET /favicon.ico - No such file or directory
[Thu Jul 23 00:41:02 2026] [::1]:64116 Closing
[Thu Jul 23 00:41:02 2026] [::1]:63167 Accepted
[Thu Jul 23 00:41:02 2026] [::1]:55226 Accepted
[Thu Jul 23 00:41:02 2026] [::1]:51483 Accepted
[Thu Jul 23 00:41:02 2026] [::1]:64497 Accepted
[Thu Jul 23 00:41:02 2026] [::1]:63167 [200]: GET /assets/images/thumbs/conjunto.png.thumb.jpg?v=1782268276&r=1782268276
[Thu Jul 23 00:41:02 2026] [::1]:56553 Accepted
[Thu Jul 23 00:41:02 2026] [::1]:55226 [200]: GET /assets/images/thumbs/copa.svg.thumb.svg?v=1782268276&r=1782268276
[Thu Jul 23 00:41:02 2026] [::1]:51483 [200]: GET /assets/images/thumbs/logo.png.thumb.jpg?v=1782268276&r=1782268276
[Thu Jul 23 00:41:02 2026] [::1]:64497 [200]: GET /assets/images/thumbs/marmitex.png.thumb.jpg?v=1782268276&r=1782268276
[Thu Jul 23 00:41:02 2026] [::1]:64616 Accepted
[Thu Jul 23 00:41:02 2026] [::1]:56553 [200]: GET /assets/images/thumbs/mini-pasteis.jpg.thumb.jpg?v=1782268276&r=1782268276
[Thu Jul 23 00:41:02 2026] [::1]:64616 [200]: GET /assets/images/thumbs/quarta-almoco.jpg.thumb.jpg?v=1782268276&r=1782268276
[Thu Jul 23 00:41:02 2026] [::1]:63167 Closing
[Thu Jul 23 00:41:02 2026] [::1]:57662 Accepted
[Thu Jul 23 00:41:02 2026] [::1]:51483 Closing
[Thu Jul 23 00:41:02 2026] [::1]:64497 Closing
[Thu Jul 23 00:41:02 2026] [::1]:57662 [200]: GET /assets/images/thumbs/sexta-conquista.jpg.thumb.jpg?v=1782268276&r=1782268276
[Thu Jul 23 00:41:02 2026] [::1]:56553 Closing
[Thu Jul 23 00:41:02 2026] [::1]:64616 Closing
[Thu Jul 23 00:41:02 2026] [::1]:57662 Closing
[Thu Jul 23 00:41:02 2026] [::1]:55226 Closing
[Thu Jul 23 00:41:04 2026] [::1]:61664 Accepted
[Thu Jul 23 00:41:04 2026] [::1]:61664 [200]: GET /admin/api/image_serve.php?f=conjunto.png&t=full&v=1782268276&r=1782268276
[Thu Jul 23 00:41:04 2026] [::1]:61664 Closing
[Thu Jul 23 00:43:33 2026] [::1]:53267 Accepted
[Thu Jul 23 00:43:33 2026] [::1]:53267 [200]: GET /admin/?module=imagens
[Thu Jul 23 00:43:33 2026] [::1]:53267 Closing
[Thu Jul 23 00:43:33 2026] [::1]:64569 Accepted
[Thu Jul 23 00:43:33 2026] [::1]:64569 [200]: GET /css/tokens.css?v=1
[Thu Jul 23 00:43:33 2026] [::1]:64569 Closing
[Thu Jul 23 00:43:33 2026] [::1]:62542 Accepted
[Thu Jul 23 00:43:33 2026] [::1]:59296 Accepted
[Thu Jul 23 00:43:33 2026] [::1]:55897 Accepted
[Thu Jul 23 00:43:33 2026] [::1]:58333 Accepted
[Thu Jul 23 00:43:33 2026] [::1]:63394 Accepted
[Thu Jul 23 00:43:33 2026] [::1]:62542 [200]: GET /css/reset.css?v=1
[Thu Jul 23 00:43:33 2026] [::1]:59296 [200]: GET /css/typography.css?v=1
[Thu Jul 23 00:43:33 2026] [::1]:55897 [200]: GET /admin/assets/admin.css?v=25
[Thu Jul 23 00:43:33 2026] [::1]:58333 [200]: GET /admin/assets/admin.js?v=25
[Thu Jul 23 00:43:33 2026] [::1]:63394 [200]: GET /admin/assets/images-view.js?v=25
[Thu Jul 23 00:43:33 2026] [::1]:62542 Closing
[Thu Jul 23 00:43:33 2026] [::1]:59296 Closing
[Thu Jul 23 00:43:33 2026] [::1]:55897 Closing
[Thu Jul 23 00:43:33 2026] [::1]:58333 Closing
[Thu Jul 23 00:43:33 2026] [::1]:63394 Closing
[Thu Jul 23 00:43:33 2026] [::1]:62268 Accepted
[Thu Jul 23 00:43:33 2026] [::1]:62268 [200]: GET /admin/api/images_list.php
[Thu Jul 23 00:43:33 2026] [::1]:62268 Closing
[Thu Jul 23 00:43:33 2026] [::1]:63819 Accepted
[Thu Jul 23 00:43:33 2026] [::1]:63819 [404]: GET /favicon.ico - No such file or directory
[Thu Jul 23 00:43:33 2026] [::1]:63819 Closing
[Thu Jul 23 00:43:33 2026] [::1]:62332 Accepted
[Thu Jul 23 00:43:33 2026] [::1]:62332 [200]: GET /assets/images/thumbs/conjunto.png.thumb.jpg?v=1782268276&r=1782268276
[Thu Jul 23 00:43:33 2026] [::1]:57682 Accepted
[Thu Jul 23 00:43:33 2026] [::1]:53357 Accepted
[Thu Jul 23 00:43:33 2026] [::1]:62332 Closing
[Thu Jul 23 00:43:33 2026] [::1]:57682 [200]: GET /assets/images/thumbs/copa.svg.thumb.svg?v=1782268276&r=1782268276
[Thu Jul 23 00:43:33 2026] [::1]:53357 [200]: GET /assets/images/thumbs/logo.png.thumb.jpg?v=1782268276&r=1782268276
[Thu Jul 23 00:43:33 2026] [::1]:53357 Closing
[Thu Jul 23 00:43:33 2026] [::1]:59658 Accepted
[Thu Jul 23 00:43:33 2026] [::1]:61010 Accepted
[Thu Jul 23 00:43:33 2026] [::1]:55748 Accepted
[Thu Jul 23 00:43:33 2026] [::1]:59658 [200]: GET /assets/images/thumbs/marmitex.png.thumb.jpg?v=1782268276&r=1782268276
[Thu Jul 23 00:43:33 2026] [::1]:61010 [200]: GET /assets/images/thumbs/mini-pasteis.jpg.thumb.jpg?v=1782268276&r=1782268276
[Thu Jul 23 00:43:33 2026] [::1]:55748 [200]: GET /assets/images/thumbs/quarta-almoco.jpg.thumb.jpg?v=1782268276&r=1782268276
[Thu Jul 23 00:43:33 2026] [::1]:59658 Closing
[Thu Jul 23 00:43:33 2026] [::1]:55159 Accepted
[Thu Jul 23 00:43:33 2026] [::1]:61010 Closing
[Thu Jul 23 00:43:33 2026] [::1]:55748 Closing
[Thu Jul 23 00:43:33 2026] [::1]:55159 [200]: GET /assets/images/thumbs/sexta-conquista.jpg.thumb.jpg?v=1782268276&r=1782268276
[Thu Jul 23 00:43:33 2026] [::1]:55159 Closing
[Thu Jul 23 00:43:33 2026] [::1]:57682 Closing
[Thu Jul 23 00:43:35 2026] [::1]:58523 Accepted
[Thu Jul 23 00:43:35 2026] [::1]:58523 [200]: GET /admin/api/image_serve.php?f=conjunto.png&t=full&v=1782268276&r=1782268276
[Thu Jul 23 00:43:35 2026] [::1]:58523 Closing
[Thu Jul 23 00:44:30 2026] [::1]:61463 Accepted
[Thu Jul 23 00:44:30 2026] [::1]:61463 [200]: GET /admin/?module=imagens
[Thu Jul 23 00:44:30 2026] [::1]:61463 Closing
[Thu Jul 23 00:44:30 2026] [::1]:55294 Accepted
[Thu Jul 23 00:44:30 2026] [::1]:55294 [200]: GET /css/tokens.css?v=1
[Thu Jul 23 00:44:30 2026] [::1]:55294 Closing
[Thu Jul 23 00:44:30 2026] [::1]:62610 Accepted
[Thu Jul 23 00:44:30 2026] [::1]:55571 Accepted
[Thu Jul 23 00:44:30 2026] [::1]:50452 Accepted
[Thu Jul 23 00:44:30 2026] [::1]:60599 Accepted
[Thu Jul 23 00:44:30 2026] [::1]:64669 Accepted
[Thu Jul 23 00:44:30 2026] [::1]:62610 [200]: GET /css/reset.css?v=1
[Thu Jul 23 00:44:30 2026] [::1]:55571 [200]: GET /css/typography.css?v=1
[Thu Jul 23 00:44:30 2026] [::1]:50452 [200]: GET /admin/assets/admin.css?v=25
[Thu Jul 23 00:44:30 2026] [::1]:60599 [200]: GET /admin/assets/admin.js?v=25
[Thu Jul 23 00:44:30 2026] [::1]:64669 [200]: GET /admin/assets/images-view.js?v=25
[Thu Jul 23 00:44:30 2026] [::1]:62610 Closing
[Thu Jul 23 00:44:30 2026] [::1]:55571 Closing
[Thu Jul 23 00:44:30 2026] [::1]:50452 Closing
[Thu Jul 23 00:44:30 2026] [::1]:60599 Closing
[Thu Jul 23 00:44:30 2026] [::1]:64669 Closing
[Thu Jul 23 00:44:30 2026] [::1]:54139 Accepted
[Thu Jul 23 00:44:30 2026] [::1]:54139 [200]: GET /admin/api/images_list.php
[Thu Jul 23 00:44:30 2026] [::1]:54139 Closing
[Thu Jul 23 00:44:30 2026] [::1]:49706 Accepted
[Thu Jul 23 00:44:30 2026] [::1]:49706 [404]: GET /favicon.ico - No such file or directory
[Thu Jul 23 00:44:30 2026] [::1]:49706 Closing
[Thu Jul 23 00:44:30 2026] [::1]:50371 Accepted
[Thu Jul 23 00:44:30 2026] [::1]:62066 Accepted
[Thu Jul 23 00:44:30 2026] [::1]:52781 Accepted
[Thu Jul 23 00:44:30 2026] [::1]:62240 Accepted
[Thu Jul 23 00:44:30 2026] [::1]:50371 [200]: GET /assets/images/thumbs/conjunto.png.thumb.jpg?v=1782268276&r=1782268276
[Thu Jul 23 00:44:30 2026] [::1]:62066 [200]: GET /assets/images/thumbs/copa.svg.thumb.svg?v=1782268276&r=1782268276
[Thu Jul 23 00:44:30 2026] [::1]:52781 [200]: GET /assets/images/thumbs/logo.png.thumb.jpg?v=1782268276&r=1782268276
[Thu Jul 23 00:44:30 2026] [::1]:62240 [200]: GET /assets/images/thumbs/marmitex.png.thumb.jpg?v=1782268276&r=1782268276
[Thu Jul 23 00:44:30 2026] [::1]:57674 Accepted
[Thu Jul 23 00:44:30 2026] [::1]:57888 Accepted
[Thu Jul 23 00:44:30 2026] [::1]:57674 [200]: GET /assets/images/thumbs/mini-pasteis.jpg.thumb.jpg?v=1782268276&r=1782268276
[Thu Jul 23 00:44:30 2026] [::1]:50371 Closing
[Thu Jul 23 00:44:30 2026] [::1]:57888 [200]: GET /assets/images/thumbs/quarta-almoco.jpg.thumb.jpg?v=1782268276&r=1782268276
[Thu Jul 23 00:44:30 2026] [::1]:52781 Closing
[Thu Jul 23 00:44:30 2026] [::1]:62240 Closing
[Thu Jul 23 00:44:30 2026] [::1]:57674 Closing
[Thu Jul 23 00:44:30 2026] [::1]:57888 Closing
[Thu Jul 23 00:44:30 2026] [::1]:55695 Accepted
[Thu Jul 23 00:44:30 2026] [::1]:55695 [200]: GET /assets/images/thumbs/sexta-conquista.jpg.thumb.jpg?v=1782268276&r=1782268276
[Thu Jul 23 00:44:30 2026] [::1]:55695 Closing
[Thu Jul 23 00:44:30 2026] [::1]:62066 Closing
[Thu Jul 23 00:44:32 2026] [::1]:56057 Accepted
[Thu Jul 23 00:44:32 2026] [::1]:56057 [200]: GET /admin/api/image_serve.php?f=conjunto.png&t=full&v=1782268276&r=1782268276
[Thu Jul 23 00:44:32 2026] [::1]:56057 Closing
[Thu Jul 23 00:46:22 2026] [::1]:60304 Accepted
[Thu Jul 23 00:46:22 2026] [::1]:60304 [200]: GET /admin/api/image_serve.php?f=conjunto.png&t=full&v=1782268276&r=1782268276
[Thu Jul 23 00:46:22 2026] [::1]:60304 Closing
[Thu Jul 23 00:46:54 2026] [::1]:52827 Accepted
[Thu Jul 23 00:46:54 2026] [::1]:52827 [200]: POST /admin/api/images_upload.php
[Thu Jul 23 00:46:54 2026] [::1]:52827 Closing
[Thu Jul 23 00:46:54 2026] [::1]:54665 Accepted
[Thu Jul 23 00:46:55 2026] [::1]:54665 [200]: GET /admin/api/images_list.php
[Thu Jul 23 00:46:55 2026] [::1]:54665 Closing
[Thu Jul 23 00:46:55 2026] [::1]:51533 Accepted
[Thu Jul 23 00:46:55 2026] [::1]:51533 [200]: GET /assets/images/thumbs/foto_eventos_teste.jpeg.thumb.jpg?v=1784778414&r=1784778414
[Thu Jul 23 00:46:55 2026] [::1]:51533 Closing
